vacina,285
gripe,223
vacinação,179
saúde,178
dengue,144
sus,101
aviária,95
Brasil,86
casos,79
Covid-19,75
Ministério Da Saúde,70
vacinas,65
pessoas,62
Anvisa,62
doença,53
Covid,52
crianças,51
população,49
dia,46
governo,45
vírus,41
tratamento,34
pública,33
uso,33
covid,32
causa,32
programa,31
ano,30
semana,30
câncer,29
influenza,29
atendimento,29
doenças,29
risco,28
pandemia,28
aumento,28
campanha,27
estado,26
país,25
gente,25
Bolsonaro,25
maior,25
novos,25
mortes,24
combate,24
sarampo,23
sábado,23
prevenção,22
Leia,22
mosquito,22
vacinal,21
avc,21
criança,21
coronavírus,21
medicamentos,21
Curitiba,21
anvisa,21
dose,20
vida,20
idosos,19
febre,19
número,19
imunização,19
morte,19
Rs,18
meningite,18
Saúde,18
Fiocruz,18
tempo,18
Aedes,18
fake,18
dados,17
grave,17
granja,17
hepatite,17
meio,17
Sus,17
6 meses,17
idade,17
Influenza,17
suspeita,17
doses,16
Dengue,16
Pfizer,16
segunda,16
acesso,16
atenção,16
caso,16
próxima,16
suspeitos,16
aegypti,16
café,16
foco,15
novas,15
ações,15
falta,15
médicos,15
estudo,15
novo,15
adolescentes,15
Lula,15
Estado,15
Alexandre Padilha,15
emergência,15
parte,15
G1,15
cobertura,15
pneumonia,15
mundo,15
nova,15
tipo,14
federal,14
primeira,14
grande,14
ministro,14
R,14
hiv,14
capital,14
medidas,14
via,14
dias,14
riscos,14
situação,13
água,13
cara,13
tuberculose,13
hpv,13
infantil,13
amarela,13
coisa,13
Sistema Único De Saúde,13
nacional,13
pacientes,13
epidemia,13
casa,13
proteção,13
aves,12
útero,12
exame,12
fila,12
reforço,12
povo,12
mrna,12
teste,12
alta,12
alerta,12
presidente,12
medicamento,12
graves,12
prefeitura,12
comercial,12
Dia D,12
sintomas,12
venda,12
trabalho,11
Eua,11
pais,11
cidades,11
profissionais,11
partir,11
política,11
cuidado,11
cidade,11
projeto,11
produtos,11
chikungunya,11
lista,10
fraude,10
efeitos,10
notícia,10
herpes,10
momento,10
anos,10
grupo,10
catapora,10
baixa,10
zika,10
forma,10
postos,10
ciência,10
exames,10
obrigatória,10
ministério,10
notícias,10
disponível,10
Paraná,10
público,10
livre,10
objetivo,10
Alagoas,10
óbitos,10
Ceará,10
jovens,10
mãe,10
China,10
pesquisa,9
clima,9
crise,9
Covid19,9
Oms,9
vítimas,9
terapia,9
recursos,9
importância,9
prazo,9
serviços,9
dor,9
brasileiros,9
municípios,9
iniciativa,9
importante,9
fim,9
mudanças,9
Gripe Aviária,9
produção,9
parceria,9
brasileiro,9
sistema,9
imunizante,9
testes,9
secretário,9
mulher,9
síndrome,9
Es,9
cuidados,9
investigação,9
estudos,9
três marcas,9
volta,8
rede,8
Ms,8
sexta,8
informações,8
artigo,8
melhor,8
São Paulo,8
pessoa,8
tétano,8
coqueluche,8
filho,8
poliomielite,8
paralisia,8
boa,8
Hpv,8
alto,8
espera,8
região,8
transmissão,8
Rio,8
especialistas,8
seis meses,8
compromisso,8
médico,8
Sergipe,8
decisão,8
Sp,8
acordo,8
Astrazeneca,8
favor,8
frango,8
vídeo,8
município,8
incidência,8
entrevista,8
marca,8
colo,8
conta,8
previsão,7
merda,7
relação,7
lugar,7
ruim,7
resultados,7
reações,7
caxumba,7
Meiahora,7
Brasília,7
Bahia,7
cirurgias,7
surto,7
pior,7
essencial,7
vidas,7
cpi,7
ministra,7
apoio,7
enfrentamento,7
pessoal,7
agenda,7
lei,7
dinheiro,7
qualidade,7
Df,7
Ministério Da Agricultura,7
início,7
ação,7
Minas Gerais,7
aplicação,7
marcas,7
climáticas,7
pai,7
Rio De Janeiro,7
sanitária,7
locais,7
informação,7
site,7
alimentação,7
medida,7
cartão,7
referência,7
respiratória,7
Bh,7
Tocantins,7
óbito,7
mudança,7
disponíveis,6
Portalr7,6
R7,6
registro,6
agência,6
Montenegro,6
equipe,6
enchente,6
filhos,6
problema,6
adversos,6
amigo,6
hospitais,6
redes,6
família,6
rubéola,6
pressão,6
meningocócica,6
comida,6
cadeia,6
áreas,6
grandes,6
animais,6
consulta,6
Goiânia,6
direito,6
moderna,6
equipes,6
índice,6
impactos,6
complicações,6
planos,6
controle,6
contato,6
mês,6
vigilância,6
Capitalnews,6
viral,6
humanos,6
responsáveis,6
polio,6
infecção,6
azeite,6
plano,6
consultas,6
janeiro,6
repelente,6
sequelas,6
trombose,6
história,6
fiocruz,6
aplicativo,6
principal,6
indígenas,6
operação,6
bivalente,6
atividades,6
segurança,6
famílias,6
Aovivo,6
grupos,6
Rio Grande Do Sul,6
infecções,6
dermatite,6
públicos,6
queimadas,6
verdade,6
Marília,6
Vacinação,6
Goiás,6
19 anos,6
texto,6
farmácias,5
detalhes,5
países,5
Rt,5
Samu,5
prováveis,5
tempos,5
única,5
corrupção,5
negativo,5
desinformação,5
viva,5
hepatites,5
alunos,5
pólio,5
adversas,5
rotavírus,5
pena,5
Gripe,5
negra,5
chagas,5
tríplice,5
época,5
Oropouche,5
importantes,5
necessidade,5
proposta,5
filas,5
geral,5
agentes,5
municipal,5
unidades,5
fácil,5
2 anos,5
necessário,5
tema,5
recorde,5
desenvolvimento,5
agilidade,5
confirmação,5
Porto Alegre,5
cancer,5
fase,5
idoso,5
posto,5
sanitárias,5
resultado,5
possível,5
aftosa,5
compra,5
Médicos,5
Maceió,5
Cbnmaceió,5
Alagoas Jornalismo,5
serviço,5
menor,5
sangue,5
Cuiabá,5
importação,5
remédios,5
inclusão,5
brasileira,5
assunto,5
Aedes Aegypti,5
lote,5
sustentabilidade,5
bom,5
baixo,5
igual,5
calor,5
imunidade,5
local,5
nome,5
base,5
super,5
custo,5
usuários,5
primeiro caso,5
período,5
proliferação,5
longo,5
Assista,5
eficácia,5
Agora Tem Especialistas,5
aquecimento,5
prioritários,5
respiratórias,5
internações,5
atópica,5
novidade,5
Agência Nacional De Vigilância Sanitária Anvisa,5
economia,5
precoce,5
calendário,5
boletim,5
veto,5
diferente,5
problemas,5
particular,5
Ultimasnoticias,5
digital,5
conscientização,5
públicas,5
focos,5
estados,5
comercialização,5
domingo,5
escolha,5
caderneta,5
total,5
Senado,4
atuação,4
comprovante,4
Mg,4
ambulâncias,4
chuvas,4
mudançasclimáticas,4
chuva,4
natureza,4
coronavirus,4
coisas,4
lixo,4
indústria,4
um grupo,4
cérebro,4
farmácia,4
Ubs,4
obrigatoriedade,4
gênica,4
caralho,4
motivo,4
Bcg,4
insumos,4
final,4
braço,4
positivo,4
fungos,4
difteria,4
últimos,4
diferença,4
preciso,4
depressão,4
bactérias,4
bacteriana,4
adultos,4
sério,4
caras,4
alegre,4
Américas,4
inteiro,4
triste,4
ministros,4
busca,4
audiência,4
sanitários,4
assistência,4
portal,4
menores,4
tratamentos,4
regulamentação,4
único,4
atendimentos,4
lado,4
Procure,4
sucesso,4
cabeça,4
pontos,4
7 anos,4
mundial,4
fundamental,4
emergencial,4
Manaus,4
5 anos,4
bula,4
internação,4
forte,4
coletivo,4
setor,4
Governo Lula,4
vitória,4
clínico,4
diagnóstico,4
especial,4
manhã,4
quadro,4
programas,4
14 anos,4
lançamento,4
firmes,4
estratégias,4
área,4
rápido,4
leves,4
próximos,4
difícil,4
última,4
falso,4
ponto,4
galinha,4
retenção,4
receita,4
Campanha,4
carne,4
sanitário,4
escolas,4
preventivas,4
Confira,4
alimentos,4
sono,4
um aumento,4
Governo,4
pontífice,4
passado,4
financeiro,4
mulheres,4
abril,4
the,4
coletiva,4
relatório,4
microcefalia,4
bebês,4
redução,4
rua,4
Trump,4
genética,4
prioritário,4
enorme,4
tipos,4
rápidos,4
unidade,4
bairro,4
Sars-cov-2,4
Srag,4
social,4
semanas,4
mensagens,4
Whatsapp,4
Prefeitura,4
infestação,4
deputado,4
Paraíba,4
Governo Federal,4
massa,4
produto,4
orientação,4
Recife,4
noite,4
maiores,4
paciente,4
sociedade,4
contaminação,4
matéria,4
faixa,4
preço,4
autoridades,4
expectativa,4
distribuição,4
global,4
atualização,4
indenização,4
Noarnacbn,4
autorização,4
tribunapr,4
respiratório,4
procura,4
último,4
genocídio,4
mercado,4
esquerda,4
força,4
presença,4
um surto,4
aguda,4
imunizantes,4
escola,4
ovos,4
série,4
eletrônicos,4
consumo,4
campanhas,4
recusa,4
lesões,4
Amazonas,4
adulto,4
comum,4
papel,4
10 anos,4
amor,4
proteína,4
oferta,4
identificação,4
Palmas,4
moradores,4
vivo,4
primeiros,4
Pará,4
norte,4
Bora,4
jovem,4
números,4
criadouros,4
fique,4
link,3
brasileiras,3
certo,3
aulas,3
Al,3
sul,3
câmara,3
frente,3
justiça,3
Stf,3
passaporte,3
colaterais,3
Presidente,3
veneno,3
pesquisadores,3
inoculação,3
caminho,3
vachina,3
ponta,3
ambiente,3
Claro,3
liberdade,3
pfizergate,3
certeza,3
gonorreia,3
Vacina,3
aids,3
transtornos,3
conspiração,3
boca,3
ansiedade,3
pânico,3
leptospirose,3
graça,3
virus,3
crises,3
chinês,3
loja,3
tecnologia,3
pau,3
meios,3
Inss,3
caros,3
âmbito,3
terapias,3
aprovação,3
drogas,3
um problema,3
substâncias,3
regra,3
medicação,3
opção,3
carteira,3
gestão,3
posts,3
superior,3
senador,3
Pl,3
respeito,3
salas,3
prefeituras,3
avós,3
máscara,3
excelente,3
questão,3
Maranhão,3
um alerta,3
ajuda,3
privados,3
exemplo,3
pura,3
enchentes,3
transparência,3
um projeto,3
Parabéns,3
conquista,3
fruto,3
guerra,3
Nísia,3
rol,3
Município,3
Mais Médicos,3
Rn,3
castração,3
Rio Branco,3
quinta,3
um golpe,3
residência,3
Rj,3
Ozempic,3
certificado,3
irregular,3
responsável,3
Idest,3
gestantes,3
trabalhador,3
secretaria,3
internacional,3
Ja2,3
canetas,3
A Anvisa,3
cepa,3
regiões,3
Juiz De Fora,3
mosquitos,3
botox,3
Sc,3
coluna,3
primeiras,3
cannabis,3
medicinal,3
quente,3
ecologia,3
tragédia,3
poluição,3
tabaco,3
polícia,3
foda,3
debate,3
possibilidade,3
curto,3
Zika,3
Estados Unidos,3
vil,3
básico,3
transmissor,3
jornal,3
fio,3
populacional,3
Pt,3
transporte,3
adolescente,3
um país,3
deputada,3
show,3
Prep,3
médica,3
corona,3
mental,3
Sarscov,3
variante,3
rna,3
relacionados,3
srag,3
culpa,3
maioria,3
raras,3
Presidente Lula,3
caixa,3
contínuo,3
apreensão,3
toxina,3
cerimônia,3
filha,3
jurídica,3
reportagem,3
data,3
noarnacbn,3
resolução,3
perigosa,3
formas,3
País,3
8 anos,3
claro,3
um pouco,3
denúncia,3
gastos,3
próprio,3
mínimo,3
amigos,3
Minha,3
renal,3
etapa,3
avanços,3
Farmácia Popular,3
cinco anos,3
etária,3
décadas,3
Roraima,3
Santa Catarina,3
adoção,3
programação,3
dúvidas,3
desafios,3
entidades,3
sistemas,3
animal,3
recomendação,3
contingência,3
arboviroses,3
completo,3
oral,3
urgente,3
recolhimento,3
pequenas,3
laboratorial,3
Minas,3
vítima,3
bala,3
Eptv,3
doente,3
terça,3
divulgação,3
remédio,3
Denise Campos De Toledo,3
executivo,3
Jornaldotocantins Tocantins,3
começo,3
prefeito,3
Fortaleza,3
palavra,3
Vamos,3
luta,3
Amazônia,3
morador,3
universidade,3
seca,3
respiratórios,3
raiva,3
espécie,3
ambientais,3
malária,3
bolsonarismo,3
narrativa,3
um lugar,3
absurdo,3
Fantástico,3
pneumocócica,3
utero,3
um ano,3
administração,3
investimentos,3
diabetes,3
histórico,3
investimento,3
valor,3
órgão,3
adesão,3
jornalismo,3
profissional,3
documentos,3
pele,3
conversa,3
deficiência,3
Tvcultura,3
tosse,3
batalha,3
teve,3
órfãos,3
fato,3
cabelo,3
biológico,3
G1 G1centrooeste,3
Gt Gt,3
monitoramento,3
realidade,3
formação,3
estrutura,3
coincidência,3
um monte,3
cigarros,3
edital,3
internacionais,3
comerciais,3
agendamento,3
Butantan,3
chances,3
governador,3
Gt G1,3
Globonews,3
João Pessoa,3
Secretaria De Saúde,3
burros,3
simples,3
Pernambuco,3
pesquisas,3
indicação,3
Febre Oropouche,3
15 anos,3
entrada,3
trabalhadores,3
empresas,3
homens,3
maio,3
Amazônico,3
saudáveis,3
60 dias,3
4 anos,3
hemorrágica,3
demanda,3
leia,3
70 anos,3
bebida,3
interior,3
diretor,3
um ato,3
Divinópolis,3
sentido,3
turma,3
bosta,3
melhoras,3
Spike,3
Avc,3
milhares,3
gnt,3
virais,3
pressas,3
Amanhã,3
privada,3
las,3
meioambiente,3
