tweet,index
"üö® Emerg√™ncia Global! üåçüíâ Criminosos da COVID est√£o tentando implementar um novo bloqueio planet√°rio, desta vez usando a gripe avi√°ria H5N1, criada em laborat√≥rio atrav√©s de ganho de fun√ß√£o. ü¶†‚ö†Ô∏è Somente a exposi√ß√£o em massa üåê e a a√ß√£o n√£o violenta do p√∫blico podem deter‚Ä¶ https://t.co/75E84flr87",70
Campanha de vacina√ß√£o contra a gripe prossegue at√© 31 de janeiro https://t.co/2ToXGia82S,208
"Neste s√°bado, 7 de dezembro, a Prefeitura de Bel√©m realiza vacina√ß√£o contra a gripe em shoppings. Confira hor√°rios e locais dispon√≠veis.https://t.co/8yVs4upZ21",348
Campanha de vacina√ß√£o contra a gripe j√° come√ßou; veja quem deve tomar - Jornal Extra de Alagoas https://t.co/Z8G8GsuPzv via @ExtraAlagoas,566
Vacina√ß√£o contra a gripe nos shopping centers de Bel√©m segue neste s√°bado; veja onde se vacinar https://t.co/fGcXf8ZVZz,678
Sespa alerta que faltam apenas tr√™s dias para o fim da campanha de vacina√ß√£o contra gripe https://t.co/z4r2Wm2O7d,679
"Campanha de vacina√ß√£o contra a gripe √© prorrogada at√© janeiro no Acre, diz Sa√∫de ==&gt; https://t.co/8Y0gwa7FqP #g1AC",713
Campanha de vacina√ß√£o conta a gripe √© prorrogada no Par√°. Veja at√© quando voc√™ pode se vacinar. https://t.co/aip2QaDouF,745
Campanha de vacina√ß√£o contra a gripe prossegue at√© o dia 31 https://t.co/HdZ3dDNKDv,983
"üíâ A vacina√ß√£o contra a gripe vai come√ßar neste s√°bado (16)! üëÄ Confira o p√∫blico, locais e hor√°rios.üìçA aplica√ß√£o acontecer√° nas Unidades Sa√∫de na Hora e SLZ Shopping. A partir de segunda (18), em todas as nossas Unidades B√°sicas de Sa√∫de. Prepare o bra√ßo e #Partiu!üí™üèΩ https://t.co/8WdMqYSoj4",1074
"SA√öDENo Amazonas, campanha de vacina√ß√£o contra a gripe √© prorrogada at√© dia 31 de julhoLeia mais em: https://t.co/RAtJpc9cZR https://t.co/WF1muuB6wg",1087
"Governo anuncia primeira vacina 100% nacional e de dose √∫nica contra a dengue‚û°Ô∏èEvento tamb√©m refor√ßa parcerias para assegurar acesso a insulinas, vacina nacional contra gripe avi√°ria e vacina contra o V√≠rus Sincicial Respirat√≥riohttps://t.co/dhh01YRFFe",1362
"[#H1N1] A campanha de vacina√ß√£o contra a influenza foi ampliada para toda a popula√ß√£o alagoana acima dos 6 meses de idade.Em Alagoas, apenas 45% da popula√ß√£o se vacinou contra a gripe.üì≤ Confira j√° nossa √∫ltima mat√©ria: https://t.co/X4uy6ko1XQ",1399
"Com o programa, ap√≥s o in√≠cio da campanha de vacina√ß√£o contra a gripe, as equipes de sa√∫de locais ir√£o √†s escolas p√∫blicas para vacinar as crian√ßas matriculadas, oferecendo as vacinas previstas para cada idade. A√ß√£o fundamental para ampliar a cobertura vacinal da popula√ß√£o.",1460
"Vacina contra gripe √© ofertada a toda a popula√ß√£o de Bel√©m a partir de s√°bado, 9 #g1Par√° https://t.co/SG2rHrdnDo",1520
"Bom dia, pessoal! Bom final de semana! üôèüèºHoje √© o 'Dia D' de vacina√ß√£o contra a gripe na orla de Macap√°. A a√ß√£o come√ßa a partir das 15h deste s√°bado e vai at√© as 18h.",1533
Sa√∫de prorroga campanha de vacina√ß√£o contra gripe Saiba mais em: https://t.co/8OX9nPat5D https://t.co/8OX9nPat5D,1571
"A partir de amanh√£, 19/3, daremos in√≠cio √† vacina√ß√£o contra a gripe em mais de 100 pontos espalhados pelo DF. A campanha tem como foco os principais grupos priorit√°rios do @minsaude. Todas as informa√ß√µes podem ser encontradas na p√°gina da @secsaudedf.",1594
Vacina contra gripe no Par√°: Campanha √© prorrogada at√© o fim de janeiro e ampliada para toda popula√ß√£o. #g1Par√°‚û°Ô∏è https://t.co/lhRO27Qh2x,1716
"Vacina contra gripe √© ofertada a toda a popula√ß√£o de Bel√©m a partir de s√°bado, 9 de novembro https://t.co/SG2rHrdnDo #g1Par√°",1760
Campanha de vacina√ß√£o contra a gripe come√ßa no dia 7 de abril‚û°Ô∏èVacina passa a ficar dispon√≠vel em unidades b√°sicas de sa√∫de ao longo de todo o anohttps://t.co/0lwC8O9rWz,1928
"Campanha de vacina√ß√£o contra a gripe come√ßa no dia 7 de abril A previs√£o √© que, at√© o fim de mar√ßo, 35 milh√µes de doses tenham sido entregues aos estados https://t.co/YEFWjp6tRr https://t.co/rko8zwENbF",1939
Padilha quer incluir Lula e Alckmin em campanha vacinal contra gripe https://t.co/Rpx25pRUJS,1972
"A vacina contra a gripe avi√°ria servir√° tamb√©m contra todos os v√≠rus da Influenza. Com capacidade de produ√ß√£o de 30 milh√µes de doses anuais, formaremos um estoque estrat√©gico, permitindo ajustes r√°pidos conforme a evolu√ß√£o do pat√≥geno. (+)https://t.co/QyJe3wl4t7",2070
"PROTE√á√ÉO | O Minist√©rio da Sa√∫de prorrogou a campanha de vacina√ß√£o contra a gripe na regi√£o Norte at√© o dia 31 de janeiro. A estimativa √© imunizar 6,6 milh√µes de pessoas na regi√£o. https://t.co/AVVjSO6hNV",2133
Campanha de vacina√ß√£o contra a gripe come√ßa no dia 7 de abril; a meta √© imunizar 90% dos grupos priorit√°rioshttps://t.co/Dq6RQY5fMD,2144
Campanha de vacina√ß√£o contra gripe na cidade de SP come√ßa nesta sexta (28)https://t.co/waJ3Ybglld,2183
Rio inicia campanha de vacina√ß√£o contra a gripe para trabalhadores da sa√∫de. Dose anual √© essencial. #Vacina√ß√£o #Sa√∫de #Influenza #Rio #ODia https://t.co/Uso9yb1PQW,2237
Vacina contra gripe: quando come√ßa a campanha em BH?https://t.co/TGPuMfez16,2332
"Vacina√ß√£o contra gripe come√ßa para crian√ßas, idosos e gestantes no Rio. A campanha segue nas pr√≥ximas semanas. #Vacina√ß√£o #Gripe #RioDeJaneiro #Sa√∫de #Not√≠cias #ODia https://t.co/afXc7F66Va",2365
"https://t.co/ys0Ex8SzjO Com casos em alta, Paran√° antecipa campanha de vacina√ß√£o contra a gripe",2367
"A vacina√ß√£o contra a gripe come√ßou neste s√°bado (29) nos postos de sa√∫de, com imuniza√ß√£o priorit√°ria para idosos, crian√ßas, gestantes e outros grupos vulner√°veis. Saiba mais.‚û° Assista na #GloboNews: https://t.co/bFwcwLpLU9 https://t.co/Jt987wxYFu",2411
‚û°Ô∏è Cidade de S√£o Paulo antecipa vacina√ß√£o contra gripe para esta sexta (28) #sbtnewsGoverno pede para que todos os munic√≠pios que receberam o imunizante j√° comece a campanhahttps://t.co/7hkvPpyH0k,2444
Campanha de vacina√ß√£o contra a gripe tem in√≠cio no dia 7 de abril https://t.co/PHVJVCMolg,2454
Vacina√ß√£o contra a gripe: cidade do Rio inicia campanha neste s√°bado; saiba onde e quando receber o imunizante https://t.co/NOgkc9wQk2,2498
Primeira vacina brasileira contra gripe avi√°ria entrar√° em fase de testes https://t.co/0lvPHWBCIT,2500
Come√ßa campanha de vacina√ß√£o contra a gripe; assista #CNNNovoDia https://t.co/eqMVaUpuem,2539
"üì∞ Lula e Alckmin tomam vacina contra a gripe em Minas GeraisAto marcou o in√≠cio da campanha de vacina√ß√£o contra a gripe no Sistema √önico de Sa√∫de (SUS), que come√ßou nesta segunda-feira (7/4).https://t.co/1zjkI5QNUC",2541
üì∞ Preven√ß√£o √† gripe: campanha de vacina√ß√£o contra influenza segue no DFDoses da imuniza√ß√£o contra influenza para grupos priorit√°rios foram aplicadas em cerca de 27 mil at√© 27 de mar√ßo.https://t.co/akRM4Om270,2557
"Campanha de vacina√ß√£o contra gripe come√ßa com filas no Centro de Sa√∫de Modelo, em Porto Alegre‚û°Ô∏èImunizante est√° dispon√≠vel em todos os postos de sa√∫de da Capital, a meta √© vacinar 90% do p√∫blico-alvohttps://t.co/EeSsRZJHpo",2558
Campanha de vacina√ß√£o contra gripe come√ßa hoje em BHhttps://t.co/68MZl30p8G,2563
Campanha de vacina√ß√£o contra a gripe come√ßa no dia 7 de abril. #Influenza #Gripe #Campanha #Vacina√ß√£o #TVCultura https://t.co/po8Shc9Ge6,2582
Vacina√ß√£o contra gripe vai ter in√≠cio na Grande Vit√≥ria no s√°bado (29)https://t.co/sJwINI74RxEsp√≠rito Santo recebeu 116 mil doses e h√° oportunidade de se vacinar com e sem agendamento; saiba quem pode receber o imunizante na rede p√∫blica de sa√∫de https://t.co/oNUyNzGarb,2594
‚ñ∂Ô∏è Campanha de vacina√ß√£o contra a gripe come√ßa em 7 de abrilMeta √© imunizar 90% dos grupos priorit√°rios; campanha pode iniciar antes em alguns Estados#UltimasNoticias #CapitalNewshttps://t.co/MVH9FBGBTr,2598
Campanha de vacina√ß√£o contra gripe come√ßa segunda-feira em grande parte do RS‚û°Ô∏èImunizantes come√ßam a ser aplicados nos grupos priorit√°rios que somam mais de 5.3 milh√µes de pessoashttps://t.co/k74PR1AvHP,2600
Vacina da gripe: quem toma pega? Preciso pagar? Veja 12 respostas sobre a campanha de imuniza√ß√£o https://t.co/6Ugn3MoGQB #g1 https://t.co/xnKwpYiHKg,2602
Campanha de vacina√ß√£o contra a gripe come√ßa nesta segunda; saiba quem pode tomar https://t.co/rBuaXFyJ9g,2676
Campanha de vacina√ß√£o contra a gripe come√ßa nesta segunda-feira (6) #PortalR7 #R7 https://t.co/MZqvud97H2,2690
"RT @falabrasil: Aviso importante! Come√ßa nesta segunda (7) a campanha de vacina√ß√£o contra a gripe nas regi√µes Sul, Sudeste, Nordeste e Cent‚Ä¶",2716
"üíâ Cear√° inicia campanha de vacina√ß√£o contra gripe‚û°Ô∏è Nesse ano, entre os grupos inclu√≠dos no calend√°rio de vacina√ß√£o est√£o crian√ßas de 6 meses a menores de 6 anos. A meta √© vacinar 3,6 milh√µes de cearenses.Veja onde se vacinar em Fortaleza:https://t.co/SvGOXJeQwe",2717
Campanha de vacina√ß√£o contra a gripe come√ßou. Minist√©rio da Sa√∫de convoca grupos priorit√°rios a se vacinarem. #Vacina√ß√£o #Sa√∫de #Gripe #Brasil #ODia https://t.co/3QB7pQASkj,2766
"Cidades de v√°rios estados e o Distrito Federal devem aderir ao Dia D da vacina√ß√£o contra a gripe, neste s√°bado (13). A cobertura vacinal est√° baixa em todo o pa√≠s: https://t.co/KGfXMvwUPr #BomDiaBrasil https://t.co/XWwqmC4j5c",2824
"Campanha de vacina√ß√£o contra gripe come√ßa segunda-feira em Porto Alegre‚û°Ô∏èDurante a primeira semana, imunizante ser√° distribu√≠do para gestantes, quilombolas, ind√≠genas, crian√ßas menores de seis anos e idososhttps://t.co/uqa3Ahjj56",2825
Campanha de vacina√ß√£o contra a gripe come√ßa nesta segunda-feira: https://t.co/vi6mQ91XiO,2853
Aparecida de Goi√¢nia antecipa in√≠cio da campanha de vacina√ß√£o contra a gripe. Veja onde se imunizarhttps://t.co/J6WzLWy9BO https://t.co/LsFz0RaJz8,2856
Campanha de vacina√ß√£o contra a gripe √© antecipada no estado do RJ para a pr√≥xima quarta-feira https://t.co/9Mod7YhwTY,2862
Campanha de vacina√ß√£o contra a gripe come√ßa na segunda-feirahttps://t.co/JxtxyGf4lp,2864
"Lula se vacina conta a gripe em Montes Claros, MG, no lan√ßamento da campanha nacional de imuniza√ß√£o. Minist√©rio da Sa√∫de espera vacinar 90% dos grupos priorit√°rios, como idosos.‚û° Assista ao #Conex√£oGloboNews: https://t.co/bFwcwLpLU9 #GloboNews https://t.co/KXB0tME7oo",2886
"Durante o evento de lan√ßamento, o governador Ronaldo Caiado tomou o imunizante. Vacina protege contra tr√™s cepas do v√≠rus e √© destinada a grupos priorit√°riosüì≤ Leia agora em O Popular: https://t.co/9FT0e5imro#LeiaAgora #OPopular #sa√∫de #vacina #gripe #campanha #Goi√°s",2888
Campanha de vacina√ß√£o contra gripe come√ßa na sexta-feira em S√£o Paulo https://t.co/FODvBeePGV,2890
"üìå Campanha nacional de vacina√ß√£o contra gripe come√ßa hoje!A meta do Minist√©rio da Sa√∫de √© imunizar 76,5 milh√µes de pessoas at√© 3 de junho.A campanha ocorrer√° em duas etapas. Na primeira, de hoje a 2 de maio, ser√£o vacinados idosos com 60 anos ou mais e trabalhadores da sa√∫de https://t.co/PEpLCdEUFg",2910
Campanha de vacina√ß√£o contra a doen√ßa est√° em andamento no Estadohttps://t.co/wpDAUqlFXY#minas #cidades #gripe #mortesporgripe #vacina√ß√£ocontragripe #jornalhojeemdia,2919
Come√ßa oficialmente nesta segunda-feira (7) a campanha nacional de vacina√ß√£o contra a gripe. Veja com  @IsabelaICamargo quem pode se imunizar.‚û° Assista ao #Est√∫dioi: https://t.co/bFwcwLpLU9 #GloboNews https://t.co/CDDHUoC7qG,2968
Campanha de vacina√ß√£o contra a gripe √© antecipada pelo Governo do Estado de S√£o Paulo.#VacinadaGripe #Influenza #Vacina #GovernoSP #TVCulturahttps://t.co/vg37D4XOUP,2972
Campanha de vacina√ß√£o contra a gripe come√ßa nesta segunda-feira https://t.co/fXKU3SFHTr #g1,2981
‚ñ∂Ô∏è Campo Grande refor√ßa vacina√ß√£o contra gripe com plant√£o no centroTr√™s pontos atendem no s√°bado e um segue aberto no domingo#UltimasNoticias #CapitalNewshttps://t.co/5ZGNI9BL3P,3029
"Sete estados e DF antecipam campanha de vacina√ß√£o contra gripe.Vacina oferecida pelo SUS  protege contra o H1N1, o H3N2 e o v√≠rus Influenza B e √© capaz de evitar entre 60% e 70% dos casos graves e de mortes.Confira: https://t.co/QLxIsHfHGUüì∑ Tomaz Silva/Ag√™ncia Brasil https://t.co/xbooU9cJFk",3044
"Vacina gripe: com 332 mil doses, Paran√° inicia campanha em brevehttps://t.co/93NQ7mo7R1",3049
Campanha de vacina√ß√£o contra a gripe come√ßa nesta segundahttps://t.co/vdM0jExoC5,3139
Campanha de vacina√ß√£o contra a gripe come√ßa nesta segunda-feira; veja quem pode se vacinarhttps://t.co/hlKv3bdpol,3162
Prefeitura de S√£o Paulo inicia campanha de vacina√ß√£o contra a gripe nesta sexta-feira (28). #TVCultura #Vacina #Influenza https://t.co/9Vi8xD2ecG,3166
Campanha de vacina√ß√£o contra a gripe come√ßa nesta segundahttps://t.co/17UaUWPqXs https://t.co/nn3it3Vb5x,3193
Campanha de vacina√ß√£o contra a gripe come√ßa nesta segunda-feira (7/4). Meta √© imunizar 90% dos grupos priorit√°rios https://t.co/QpWevrab4N https://t.co/6MfvsqcRTm,3201
PARAN√Å ANTECIPA CAMPANHA DE VACINA√á√ÉO CONTRA A GRIPE; CONFIRA A DATAA Secretaria Estadual de Sa√∫de anunciou que vai dar a largada na campanha de vacina√ß√£o contra a gripe no Paran√° antes da data nacional.https://t.co/lOqXuDyhHn,3244
Campanha de vacina√ß√£o contra a gripe come√ßa em todo o pa√≠s nesta segunda-feira#PortalR7 #R7 https://t.co/YtnXle7A7G,3253
Para√≠ba promove ‚ÄòDia D‚Äô de vacina√ß√£o contra gripe e sarampo neste s√°bado https://t.co/2rECzlhBFB,3307
"üíâMutir√£o de vacina contra a gripe chega √† Zona Norte do Recife, neste s√°bado (26); veja onde - https://t.co/XgatJ8VO1J https://t.co/VdRYq113sE",3334
Possibilidade de gripe avi√°ria se tornar pandemia preocupa; vacina universal √© esperan√ßa https://t.co/xfRpESECpZ,3338
Dia D de vacina√ß√£o contra gripe acontece neste s√°bado em Salvador; veja locais: https://t.co/rLwgw6GYhZ,3392
"Campanha de vacina√ß√£o contra a gripe mira idosos, crian√ßas e gestantes. #TVCultura #Gripe #Vacina√ß√£o https://t.co/aObmfBvCZ4",3441
Pernambuco participa de estudo in√©dito com vacina brasileira contra a gripe avi√°ria em humanos https://t.co/dxPqAi4NbE,3447
"VACINA NO BRA√áO - Aqui n√£o tem negacionismo. Aqui √© ci√™ncia porque vacinas salvam vidas. Lula abriu a campanha nacional de vacina√ß√£o contra a gripe nesta segunda-feira (7). Ser√£o 73,6 milh√µes de doses com meta de vacinar 90% de crian√ßas, gestantes e idosos com 60 anos e mais. https://t.co/H4TUPSMyBf",3489
Sa√∫de de Aparecida antecipa campanha de vacina√ß√£o contra a gripe para segunda (31) - Leia no Di√°rio de Goi√°s: Conte√∫do de verdade com jornalismo profissional https://t.co/lfYjdIROAz,3527
Paran√° antecipa campanha de vacina√ß√£o contra a gripe; veja detalhes https://t.co/slmNoQ0nYz #parana #vacina #gripe #tribunapr,3570
üíâ Veja como ser vacinadoAssocia√ß√£o recebe doa√ß√µes de rede de farm√°cia e promove campanha de vacina√ß√£o gratuita contra gripe em Sorocaba https://t.co/Alj7yU7aI9 #g1 #Sorocaba https://t.co/1rsWKKkq40,3591
"Campanha de vacina√ß√£o contra gripe come√ßa em 7 de abril em Porto Alegre. Na primeira fase, ser√£o imunizadas pessoas a partir dos 60 anos, crian√ßas menores de 6 anos, gestantes, pu√©rperas, quilombolas e ind√≠genas.https://t.co/HNwhYl1641",3727
"PARAN√Å RECEBE 332 MIL VACINAS CONTRA GRIPE E SE PREPARA PARA IN√çCIO DA CAMPANHAO Paran√° recebeu nesta segunda-feira (24) 332 mil vacinas contra a gripe, destinadas para o in√≠cio da campanha de refor√ßo da vacina√ß√£o para o p√∫blico-alvo. https://t.co/fQvLAyaxDv",3755
Campanha de vacina√ß√£o contra a gripe come√ßa na segunda-feiraLeia: https://t.co/IT3R6YxkAX https://t.co/z5XAw3vxak,3758
Campanha de vacina√ß√£o contra a gripe come√ßa nesta segundahttps://t.co/nIFVm48qcN,3763
"VACINA√á√ÉO CONTRA A GRIPE | O Minist√©rio da Sa√∫de anunciou, nesta sexta-feira (21), que a campanha nacional de vacina√ß√£o contra a gripe come√ßa em 7 de abril. O ministro Alexandre Padilha acompanhou a distribui√ß√£o das doses, que j√° come√ßaram a chegar aos munic√≠pios. https://t.co/lPyx9i1SP5",3812
"Mais uma campanha de vacina√ß√£o come√ßando! A partir de segunda (31), todas as salas de vacina da cidade estar√£o aplicando a dose contra a Influenza. O foco √© proteger crian√ßas, gestantes e quem tem 60+! üíâüíôA gripe pode ser perigosa, mas a vacina √© a melhor defesa. Evita‚Ä¶ https://t.co/UFrRLTEryh",3821
Paran√° promove Dia D de vacina√ß√£o contra gripe neste s√°badohttps://t.co/hFvUcD9NM7,3850
BH vai ter Dia D de vacina√ß√£o contra a gripe neste s√°bado (10/5)https://t.co/N15fHAAaMK,3904
"BH ter√° Dia D de vacina√ß√£o contra a gripe neste s√°bado; saiba ondeTodos os 153 centros de sa√∫de da cidade, o Servi√ßo de Aten√ß√£o √† Sa√∫de do Viajante e alguns pontos extras estar√£o abertos das 8h √†s 17hhttps://t.co/DFkif5XxUe",3945
"üíâ Vapt Vupt Papicu vai receber Dia D da Vacina√ß√£o contra a gripe no s√°bado, 10‚û°Ô∏è A unidade vai funcionar das 10h √†s 16h no s√°bado, 10. Tamb√©m ser√£o ofertados outros imunizanteshttps://t.co/BTnjVko6Kq",3947
Bahia se mobiliza para realizar o Dia D de vacina√ß√£o contra a gripe neste s√°bado: https://t.co/Aey24UwCiL,3960
Bahia ter√° Dia D da vacina√ß√£o contra a gripe neste s√°bado (10) https://t.co/0r26EnLrQX,3961
üíâ Minist√©rio da Sa√∫de realiza Dia D de vacina√ß√£o contra a gripe neste s√°bado (10) üå≥ MME destaca lideran√ßa brasileira na transi√ß√£o energ√©tica global em evento sobre a COP30‚úÖ Lei de Cotas no servi√ßo p√∫blico federal √© aprovada no Senado,4005
Sa√∫de realiza Dia D de vacina√ß√£o contra a gripe neste s√°badohttps://t.co/aDXQuWvidB,4021
Alerj vai promover campanha de vacina√ß√£o contra gripe https://t.co/z1vj2DFm39 #ODia #RiodeJaneiro,4035
"Governo de SP faz ""Dia D"" de vacina√ß√£o contra gripe neste s√°bado (10) https://t.co/9ElU6VxmX7",4040
"Neste s√°bado (10), o Minist√©rio da Sa√∫de promove o Dia D da vacina√ß√£o contra a gripe: uma mobiliza√ß√£o nacional para proteger a popula√ß√£o e ampliar a cobertura vacinal em todo o pa√≠s.",4049
A√ß√£o de mobiliza√ß√£o de vacina contra gripe ocorre neste s√°bado em Salvador: https://t.co/012L6EuAIJ,4062
"Dia D de vacina√ß√£o contra gripe no Rio, Niter√≥i, SG e Maric√° neste s√°bado https://t.co/yqzUVyATZr via @siteenfoco",4074
"Rio inicia campanha de vacina√ß√£o contra gripe para grupos priorit√°rios; veja quem pode ser imunizadoEm 2024, o Munic√≠pio vacinou cerca de 2,1 milh√µes de pessoas; para 2025, a meta √© imunizar 3 milh√µeshttps://t.co/ZVo0B8dqtz",4091
Rio vacina popula√ß√£o em Dia D contra a gripe neste s√°bado https://t.co/OhBBx0eCRF #ODia #RiodeJaneiro,4097
"üö® Dr. Peter McCullough Exp√µe a Origem da Atual Gripe Avi√°riaSigam o üß∂üëáü¶† ""A cepa atual da gripe avi√°ria √© um produto da pesquisa de ganho de fun√ß√£o realizada no Laborat√≥rio de Pesquisa Av√≠cola do USDA em Athens, Ge√≥rgia,"" afirma o Dr. Peter McCullough.üìö Fatos Revelados: https://t.co/1NkvliifGo",4124
üíâ Todos os postos de Fortaleza abrem para Dia D de vacina√ß√£o contra gripe neste s√°bado (10)A a√ß√£o busca ampliar cobertura vacinal de 19 grupos priorit√°rios e proteger a popula√ß√£o contra influenza https://t.co/W8NILQLPO1 https://t.co/W8NILQLPO1,4192
"Campanha de vacina√ß√£o contra a gripe come√ßa nesta 2¬™ (7) em Porto Alegre. Primeira fase inicia com atendimento a maiores de 60 anos, menores de 6 anos, gestantes, pu√©rperas, quilombolas e ind√≠genashttps://t.co/pftiqq4pK7",4264
"Dia D de vacina√ß√£o contra gripe ocorre neste s√°bado, 10‚û°Ô∏è Para se vacinar, √© necess√°rio apresentar um documento oficial com foto https://t.co/MrrnQpPahs",4295
"S√≥ uma picadinha! üíâ A campanha de imuniza√ß√£o contra gripe foi prorrogada at√© julho no Acre, segundo o Minist√©rio da Sa√∫de ==&gt; https://t.co/DlL2yYqPha #g1AC https://t.co/jyhWcJLjbE",4327
Dia D de vacina√ß√£o contra a gripe ser√° realizado em todo pa√≠s neste s√°badohttps://t.co/ZEmZxtid1n,4338
Macei√≥ ter√° 33 pontos de vacina√ß√£o contra a gripe neste s√°bado - https://t.co/YnmznyPEPv - @extraalagoas https://t.co/3cA98T46s1,4380
Por @pedromeletti: Anvisa analisa estudos da vacina contra gripe avi√°ria; assista #LiveCNNBrasil https://t.co/QyHFEswkx0,4450
China suspende compra de carne de frango por 60 dias ap√≥s 1¬∫ caso de gripe avi√°ria em granja comercial no Brasil https://t.co/OEugcQbjZx #g1,4460
Sa√∫de realiza Dia D de vacina√ß√£o contra a gripe neste s√°bado https://t.co/g61SSFXN6b,4466
A China interrompeu a compra de frango brasileiro por 60 dias ap√≥s a confirma√ß√£o do primeiro caso de gripe avi√°ria no pa√≠s.#NoArNaCBNhttps://t.co/GMKSHHq65V,4475
Governo de SP promove ‚ÄúDia D‚Äù de vacina√ß√£o contra gripe neste s√°bado (10). #TVCultura #SaoPaulo #Influenza https://t.co/2IeSSXuZqY,4531
Cidades iniciam campanha de vacina√ß√£o contra a gripe.https://t.co/g98VF9aqrF,4571
S√°bado ser√° Dia D de vacina√ß√£o contra gripe em Porto Alegre‚û°Ô∏èTransporte p√∫blico ter√° passe livre para que os grupos priorit√°rios possam se deslocar at√© o local da vacina√ß√£ohttps://t.co/lThXOSghom,4572
Campanha de vacina√ß√£o contra a gripe come√ßa nesta segunda (07) https://t.co/SwqaDUHqTO,4573
"Novo Hamburgo ter√° ""Dia D"" de vacina√ß√£o contra a gripe neste s√°badohttps://t.co/1XbcWzKUCv",4650
Curitiba libera vacina contra gripe para toda a popula√ß√£o a partir deste s√°bado https://t.co/t4wyrS9IEB #Curitiba #tribunapr,4654
MATO GROSSOMato Grosso amplia acesso √† vacina contra gripe em nova campanhahttps://t.co/lYMtB7XDZf https://t.co/yBBGpewcfU,4678
"üì∞Mais de 272 mil doses de vacina contra a gripe foram aplicadas no DFSomente no Dia D de mobiliza√ß√£o, no s√°bado (10/5), foram aplicadas 11.861 doses em grupos priorit√°rioshttps://t.co/Ryo7KnD5Y9",4679
"üíâDia D da vacina√ß√£o contra a gripe acontece neste s√°bado (10) em v√°rias regi√µes do pa√≠s #sbtnews  Meta √© vacinar 90% do p√∫blico-alvo, mais de 81,6 milh√µes de pessoas, incluindo crian√ßas, idosos e gestanteshttps://t.co/TzInKcp1aU",4687
"S√≠ndrome respirat√≥ria aguda grave,morte p√¥r oropouche no rio de janeiro, gripe avi√°ria no Rio grande do Sul, queda de 12% das a√ß√µes do BB isto sem uma investiga√ß√£o no banco e o roubo dos velhinhos no INSS e com a coniv√™ncia da Dataprev qual desgra√ßa mas ser√° que v√™m do gov lula.",4729
Butantan vai testar 1¬™ vacina brasileira contra gripe avi√°ria em humanos https://t.co/jxz3cGX57u,4747
Piren√≥polis realiza Dia D de vacina√ß√£o contra a gripe neste s√°bado (10). Unidades de sa√∫de est√£o abertas at√© 17 horashttps://t.co/zDw81VbwaR https://t.co/HOp3tBYSQ4,4748
Dia D mobiliza moradores para vacina√ß√£o contra gripe em FortalezaA√ß√£o faz parte de campanha nacional para a imuniza√ß√£o contra o v√≠rus influenza; confira detalhes na mat√©riahttps://t.co/nGdtJ40ibb,4758
Preju√≠zo do agro com gripe avi√°ria pode chegar a US$ 1 bilh√£o https://t.co/30P72wBwHQ,4771
"O Instituto Butantan aguarda aval da Anvisa para iniciar a pesquisa da vacina contra gripe avi√°ria em humanos. O Butantan informou que submeteu o pedido √† ag√™ncia em agosto de 2024, mas ainda n√£o obteve retorno. @flaviaol fala sobre essa pesquisa.‚û° Assista ao #EmPauta: https://t.co/kyARCCvYCx",4784
"Gripe avi√°ria em humanos: entenda os pontos de alerta sobre letalidade, muta√ß√µes e vacina https://t.co/ENhacRj49Z #g1",4836
BAHIA SE MOBILIZA PARA O DIA D DE VACINA√á√ÉO CONTRA A GRIPE NESTE S√ÅBADO (10) https://t.co/8Ht0gVP72K,4926
Mutir√£o de vacina√ß√£o contra gripe √© realizado neste s√°bado em Itapetiningahttps://t.co/0ki8kZwJcE #g1 #itapetininga https://t.co/f9tG88PnYM,4931
DIA D VACINA√á√ÉO | O Minist√©rio da Sa√∫de aposta na retomada do Dia D Nacional de Vacina√ß√£o para alavancar a campanha contra a gripe e cumprir a meta de vacinar 90% do p√∫blico-alvo. A primeira edi√ß√£o deste ano est√° marcada para o dia 10 de maio. Leia: https://t.co/fBtru5xwYw. https://t.co/63u5pW1gLd,4939
Impacto da gripe avi√°ria ainda √© limitado para frigor√≠ficos na B3https://t.co/NvxPkl99cw,4956
@evemiaumiau Eu comi 3 unidades e me deu: caxumba difteria mal√°ria rub√©ola press√£o baixa press√£o alta astigmatismo pneumonia coqueluche dengue coronavirus t√©tano hepatite gripe avi√°ria e t√©tano,4985
Campanha de vacina√ß√£o contra a gripe come√ßa nesta segundahttps://t.co/LNrChcKv4o https://t.co/g0dgaOwY8V,5013
"Boa tarde!  A partir de ter√ßa (25), a vacina contra a gripe (influenza) estar√° dispon√≠vel em mais de 100 salas de vacina√ß√£o do DF. A campanha √© voltada a idosos, crian√ßas de 6 meses a 5 anos, gestantes e professores. Mais de 1,2 milh√£o de pessoas est√£o aptas a se vacinar. A nossa‚Ä¶ https://t.co/zhjpVFnK3o https://t.co/UFlCb9TKnj",5017
"Por @pedromeletti: Vacina da gripe avi√°ria tem car√°ter priorit√°rio, diz Anvisa; assista #LiveCNNBrasil https://t.co/mW52Q4F00g",5019
Campanha de vacina√ß√£o contra a gripe na Para√≠ba come√ßa nesta segunda-feira (10).#g1 #g1Para√≠bahttps://t.co/NZJ2kY8oBJ https://t.co/hVPINqD7aV,5044
"CAMPANHA NACIONAL | O Dia D de vacina√ß√£o contra a gripe ser√° realizado neste s√°bado (10) em todo o pa√≠s. A vacina √© a forma mais eficaz de se proteger contra o v√≠rus influenza, causador da gripe, evitando tanto a manifesta√ß√£o grave da doen√ßa quanto o cont√°gio de outras pessoas. https://t.co/IVRMWWNc99",5062
"üèôÔ∏èBrasilienses v√£o aos postos de sa√∫de em busca da vacina contra a gripe; sem filasA campanha contra a gripe foi ampliada para todos os p√∫blicos, a partir dos seis meses de idade.https://t.co/wUgvE8FFzF",5097
Goi√°s lan√ßa campanha de vacina√ß√£o contra a gripe; veja onde se vacinar em Goi√¢nia e Aparecida ‚áí https://t.co/LGcA2sDjIt #g1go #Goi√°s #vacina #gripe #influenza #Goi√°s https://t.co/8njQcpIWDc,5101
"S√£o Paulo vai ampliar campanha de vacina√ß√£o contra gripe a partir de segunda, 19 https://t.co/q2PbNbQgWj #MeiaHora",5105
Dia D de vacina√ß√£o contra a gripe ser√° no s√°bado (10) em S√£o Lu√≠shttps://t.co/ZMsD6pGraP,5106
S√°bado (24) ser√° o ‚ÄòDia D‚Äô da vacina√ß√£o contra a gripe em Porto Alegre. A data tamb√©m ter√° passe livre no transporte p√∫blico da capital.https://t.co/BHRbSgSycn,5112
"Shoppings de Bel√©m ofertam vacina√ß√£o contra a gripe neste s√°bado, 25https://t.co/P1mDZrteLR #g1para",5130
Vacina√ß√£o em S√£o Paulo: Dia D contra gripe acontece neste s√°badohttps://t.co/PznuxMv3av,5220
"O Maranh√£o recebeu 1,1 milh√£o de doses da vacina contra a gripe e inicia a campanha nacional de vacina√ß√£o! üè•üíâ Lembrando que o imunizante √© capaz de evitar entre 60% e 70% dos casos graves e √≥bitos.N√£o deixe de se vacinar e cuidar da sua sa√∫de e da sua fam√≠lia! https://t.co/xMTNQlISX9",5263
Vacina√ß√£o contra gripe ocorrer√° em oito pontos de BH neste s√°bado (24/5)https://t.co/lMuIvKCMXF,5285
"A campanha de vacina√ß√£o contra a gripe ser√° antecipada e vai come√ßar no pr√≥ximo dia 25 de mar√ßo, em todo o territ√≥rio brasileiro. A decis√£o do Minist√©rio da Sa√∫de levou em considera√ß√£o o aumento da circula√ß√£o de v√≠rus respirat√≥rios no pa√≠s.Leia: https://t.co/ARzpAHdYKd https://t.co/xP2ME0UMD4",5294
Campanha de vacina√ß√£o contra a gripe acaba nesta sexta-feira https://t.co/tVYd1tebuW,5305
"SARS-CoV-2 em Wuhan, China, em 2019.Por que ent√£o a China n√£o teria obje√ß√µes √† aprova√ß√£o, na OMS, de acordo de pandemias baseado na abordagem One Health?üö®Algo n√£o fecha nesta conta. (E o Brasil, onde o 1¬∫ caso de gripe avi√°ria em granja comercialüßê&gt;https://t.co/4owbPbLF7Z",5372
"Em meio ao surto em granja, primeira vacina brasileira contra gripe avi√°ria est√° em fase de testes.#NoArNaCBN https://t.co/YWfyd1kjyD",5391
"Porto Alegre ter√° Dia D de vacina√ß√£o para frear casos de gripe e superlota√ß√£o nas emerg√™ncias‚û°Ô∏èNo s√°bado, vacina contra a gripe estar√° dispon√≠vel em todas as unidades de sa√∫de da Capital para pessoas com mais de seis meses de idadehttps://t.co/gROAJkD54x",5394
üíâ Cidades iniciam campanha de vacina√ß√£o contra a gripe; saiba quem pode e como se vacinar no ES ==&gt; https://t.co/aJW3zif3lA #g1ES,5397
"Come√ßou hoje em todo o Brasil a campanha de vacina√ß√£o contra a gripe para idosos e profissionais da sa√∫de, para imunizar grupos de risco. Em Teresina as vacinas est√£o dispon√≠veis nas UBS e no Centro Integrado Lineu Ara√∫jo.#DrPessoa #Vacina√ß√£o2020 #VacinadaGripe #Teresina #Piau√≠ https://t.co/Gh0kevSyTm",5406
Butantan aguarda h√° 9 meses aprova√ß√£o da Anvisa para testar vacina de gripe avi√°ria em humanos https://t.co/pZeyBkMuWk #g1,5450
Campanha de vacina√ß√£o contra gripe tem in√≠cio em Ribeir√£o Preto; veja quem pode receber #g1Ribeirao https://t.co/o4vLPMJ4L6,5462
Pelo menos oito cidades da Regi√£o Metropolitana realizam Dia D de vacina√ß√£o contra a gripe neste s√°badohttps://t.co/JoXAHBzcvb,5617
Como ser√° o Dia D de vacina√ß√£o contra gripe em Porto Alegre neste s√°bado‚û°Ô∏èUnidades de sa√∫de estar√£o abertas das 9h √†s 18hhttps://t.co/4OORKp1aCQ,5634
"VACINA CONTRA A GRIPE | Nesta segunda-feira (7), dia em que come√ßa a campanha de vacina√ß√£o contra a gripe, o presidente Lula e o vice-presidente Geraldo Alckmin receberam o imunizante, ao lado do ministro da Sa√∫de, @padilhando, e do mascote do SUS, Z√© Gotinha. https://t.co/oCyanuFydI",5636
üíâ'Dia D': cidades do centro-oeste paulista promovem vacina√ß√£o contra a gripe neste s√°badohttps://t.co/a84f0uVTdo,5641
Cidades nas regi√µes de Sorocaba e Jundia√≠ promovem 'Dia D' de vacina√ß√£o contra a gripe neste s√°bado https://t.co/LuvXqNPx2B #g1 #Sorocaba #Jundia√≠,5642
Metr√¥ de BH ter√° campanha de vacina√ß√£o contra a gripe nesta segunda-feira; saiba ondeA campanha √© organizada pela Secretaria Municipal de Sa√∫de em parceria com a Metr√¥ BHhttps://t.co/4ILTvIZbks,5654
Gripe avi√°ria: vacina em fase de testes protege bovinos contra surto nos EUAhttps://t.co/4QbTWp51CG,5684
Porto Alegre ter√° ‚ÄòDia D‚Äô de vacina√ß√£o contra a gripe no s√°bado (10). Todas as unidades de sa√∫de da Capital estar√£o abertas das 9h √†s 18h.https://t.co/lVd9RtMkB0,5692
Gripe avi√°ria: por que cientistas alertam que doen√ßa pode causar pr√≥xima pandemiahttps://t.co/qe9Vza34SKhttps://t.co/qe9Vza34SK,5702
"@marcia_ssi Gripe avi√°ria, enchentes, 150 mil produtores rurais endividados desde o governo do ineleg√≠vel e agora recebendo aux√≠lio do Governo Federal, Elegem Eduardo Leite. A senhora tem raz√£o üòÇ",5710
"@ColetivoSalaPT Tarifa Social reformulada, mais moradias pelo Minha Casa Minha Vida, combate √† gripe avi√°ria, Nova Pol√≠tica de EaD e refor√ßo no reflorestamento. Confira o que o #GovFez entre os dias 19 e 23 de maio e espalhe as boas not√≠cias üáßüá∑üì¢Confira e espalhe! https://t.co/WutoH9FQkr",5711
"H√° uma nova onda no horizonte, com uma variante com grande escape imunol√≥gico. No BR, a grande maioria das pessoas est√° sem nova dose de vacina h√° ANOS. H√° campanha de vacina√ß√£o contra a gripe, mas zero campanha de vacina√ß√£o contra a covid.https://t.co/yTH4wvp15L https://t.co/wRHfd0HzMi",5732
Gripe avi√°ria: por que cientistas alertam que doen√ßa pode causar pr√≥xima pandemia https://t.co/aoHHbZ92ZJ https://t.co/aoHHbZ92ZJ,5741
"Brasil pede √† China que limite embargo de frango a munic√≠pio com foco da gripe avi√°ria. Embaixada do Brasil em Pequim detalha que pa√≠s seguiu todos os protocolos sanit√°rios bilaterais e pede que suspens√£o nacional seja limitada a Montenegro (RS), onde caso foi identificado‚Ä¶ https://t.co/nVS35pSnTB",5742
"‚ñ∂Ô∏è Mapa investiga caso suspeito de gripe avi√°ria em Ang√©licaConfirma√ß√£o pode afetar exporta√ß√µes, mas autoridades defendem biosseguran√ßa robusta no Mato Grosso do Sul#UltimasNoticias #CapitalNewshttps://t.co/o2lNk44mtO",5743
"üì∞Cisne negro testa positivo para gripe avi√°ria em MGUm dos 169 casos confirmados da doen√ßa no Brasil, foi no animal silvestre localizado em Mateus Leme, Regi√£o Metropolitana de Belo Horizonte.https://t.co/08f3PbwCqG",5744
MG: empregados de local onde foi detectada a gripe avi√°ria ser√£o confinadoshttps://t.co/qvxUBDvYLz,5745
#Agro: RS refor√ßa a√ß√µes de educa√ß√£o sanit√°ria na regi√£o de Montenegro ap√≥s caso de gripe avi√°riahttps://t.co/14IBJQ2jSe,5748
"Bahia aciona alerta sanit√°rio e refor√ßa barreiras contra gripe avi√°ria, mesmo sem casos no estado: https://t.co/Pvd7LsWoi9",5750
Ministro da Agricultura diz que Brasil pode ficar livre da gripe avi√°ria em menos de um m√™shttps://t.co/106FrTm0gj,5752
"Tarifa Social reformulada, mais moradias pelo Minha Casa Minha Vida, combate √† gripe avi√°ria, Nova Pol√≠tica de EaD e refor√ßo no reflorestamento. Confira o que o #GovFez entre os dias 19 e 23 de maio e espalhe as boas not√≠cias üáßüá∑üì¢ https://t.co/W3LrrrMugz",5761
üì∞Foco de gripe avi√°ria em MG foi detectado em fazenda de frutas ex√≥ticasTr√™s aves ornamentais da propriedade apresentaram sintomas e uma delas testou positivo. Tratadores e funcion√°rios devem entrar em quarentena.https://t.co/ousibYfoTQ,5780
"Gripe avi√°ria: o que √©, quais os riscos e como se proteger. Brasil confirmou dois focos da doen√ßahttps://t.co/P0YDusrMuw https://t.co/WBe67VURzG",5792
Gripe avi√°ria: 17 investiga√ß√µes de suspeita da doen√ßa em andamentoAs investiga√ß√µes est√£o em andamento com coleta de amostra e sem resultado laboratorial conclusivohttps://t.co/VUHERNz9jr,5806
Governo j√° destruiu 20 milh√µes de ovos f√©rteis para conter gripe avi√°riahttps://t.co/3Bmx8qu4jX,5812
Gripe avi√°ria: vigil√¢ncia faz novo ciclo de inspe√ß√£o em granjas no RS https://t.co/l3nRVxU28g via @Fato Amaz√¥nico,5813
"Exporta√ß√£o de frango do Brasil cai 1,5% ap√≥s caso de gripe avi√°riahttps://t.co/wAJ3hOOPsO",5816
"China, Argentina e UE suspendem importa√ß√µes de frango brasileiro ap√≥s 1¬∫ caso de gripe avi√°ria no pa√≠s.Risco de transmiss√£o a humanos √© baixo e restrito a profissionais que tem contato direto com aves infectadas.Confira: https://t.co/LFd8DRpfep #JN https://t.co/DzKvAmcvZJ",5826
"Termine a semana bem informado com o JC Te Lembra, resumo dos principais destaques do notici√°rio. Miss√£o do RS nos EUA, morte de Mujica, foco de gripe avi√°ria no RS e volta do voo a Buenos Aires dominaram o notici√°rio. Acesse o conte√∫do completo. https://t.co/g2yNMRhNvy",5827
"Vacina√ß√£o contra a gripe: RJ tem Dia D neste s√°bado, e cidades ampliam o calend√°rio; confirahttps://t.co/iLrENtRaYD",5831
"Gripe avi√°ria n√£o deve impactar pre√ßo da carne de frango, diz ministro https://t.co/NZEmxBjOx4 #MeiaHora",5834
üêî Gripe avi√°ria no Sul faz China e UE suspenderem importa√ß√µes do Brasil Leia: https://t.co/jJ4n9UdY9Y https://t.co/TFvMDTDaBA,5836
RS decreta estado de emerg√™ncia em sa√∫de animal em raz√£o da gripe avi√°riahttps://t.co/lj7EKshwvj,5842
Por Itatiaia --&gt; Minas Gerais confirma caso de gripe avi√°ria e anuncia medidashttps://t.co/eZfwKX9B80,5843
FATO OU FAKE NEWS: Saiba o que √© mentira e o que √© verdade sobre a gripe avi√°riahttps://t.co/fjUwCuRkTb,5848
Dia D de vacina√ß√£o contra a gripe ser√° realizado neste s√°bado (10) em S√£o Lu√≠shttps://t.co/FmuxxrDpHw,5849
Metr√¥ de BH organiza nova campanha de vacina√ß√£o contra gripehttps://t.co/VfMsL6UUjo,5866
"Sem vigil√¢ncia integrada e constante, n√£o h√° resposta eficaz contra a gripe avi√°riahttps://t.co/2SIWJiQjb9",5867
Governo investiga 18 casos suspeitos de gripe avi√°ria https://t.co/QhuLwMyNno,5868
‚ñ∂Ô∏è China suspende compra de frango ap√≥s foco de gripe avi√°ria no Rio Grande do SulMedida vale por 60 dias e impacto preocupa autoridades de Mato Grosso do Sul#UltimasNoticias #CapitalNewshttps://t.co/idpqyoX4bk,5875
"A equipe de CartaCapital comenta sobre o projeto de lei que afrouxa as regras de licenciamento ambiental, o uso da fome como arma de guerra em Gaza e a gripe avi√°ria no Brasil. Acompanhe:  https://t.co/uV91nRw7GP",5876
"Ap√≥s RS, Brasil suspeita de novos casos de gripe avi√°ria em outros cinco estados https://t.co/DbYW7Sp9NA https://t.co/EQMOpkDPv5",5877
üêìGoverno investiga suspeita de gripe avi√°ria em cidade do interior do Cear√°; Adagri monitora o caso‚û°Ô∏èA investiga√ß√£o √© relacionada a uma cria√ß√£o de subsist√™ncia e aguarda resultados laboratoriais conclusivos. O Cear√° continua sem confirma√ß√µes da doen√ßahttps://t.co/QJvUA0BFDp,5878
üíâ Cidades da regi√£o de Itapetininga promovem vacina√ß√£o contra a gripe neste s√°badohttps://t.co/QI4z7g1OZ3 #g1 #Itapetininga #Tatu√≠ https://t.co/Ry3HPdILIv,5885
"Exame de funcion√°rio de granja no RS descarta gripe avi√°ria, diz Secretaria da Sa√∫de https://t.co/zcytrngPcm #g1RS https://t.co/ntTuB81G47",5886
Zool√≥gico de Bras√≠lia √© fechado por suspeita de casos de gripe avi√°ria ap√≥s morte de animaisT√©cnicos da Secretaria de Agricultura do Distrito Federal estiveram no local para fazer uma inspe√ß√£o ap√≥s morte de aveshttps://t.co/0r8OU8V4Hi,5892
Gripe avi√°ria: Idiarn refor√ßa fiscaliza√ß√µes no Rio Grande do Nortehttps://t.co/bKpKZG8iHN,5894
Campanha de vacina√ß√£o contra a gripe inicia nesta segunda; veja quem j√° pode se vacinar https://t.co/1GVV1U1AuY https://t.co/declhkWE1d,5896
"Hoje √© o Dia D de vacina√ß√£o contra a gripe em todo o Brasil (exceto Norte, que ter√° campanha no 2¬∫ semestre). A a√ß√£o √© nacional e busca proteger a popula√ß√£o antes do inverno, quando os v√≠rus respirat√≥rios circulam mais. Procure a UBS mais pr√≥xima e vacine-se!",5923
Minas confirma caso de gripe avi√°ria na Grande BH e decreta situa√ß√£o de emerg√™ncia sanit√°ria https://t.co/bHGxSCHUlw,6014
R√∫ssia e outros pa√≠ses diminuem restri√ß√µes √† carne de frango brasileira por gripe avi√°riahttps://t.co/wUiFnzp7TN,6043
"No Plen√°rio da C√¢mara nesta semana, podem ser votados o projeto para enfrentamento da gripe avi√°ria no Pa√≠s [PL 3179/2024] e a proposta que institui o Dia Nacional das Defensoras e Defensores dos Direitos Humanos [PL 6366/2019]. Veja na @tvcamara: https://t.co/zlFkrXwhM9",6044
F√°varo afirma que gripe avi√°ria √© oportunidade para mostrar robustez do sistema‚û°Ô∏èMinistro afirma que v√≠rus demorou para entrar no plantel comercial brasileirohttps://t.co/7pNyL8WZIV,6046
Minas Gerais decreta emerg√™ncia ap√≥s caso de gripe avi√°ria em p√°ssaro ornamentalhttps://t.co/HVgb8Yr5Jg,6049
Gripe avi√°ria: Minas tem m√©dia de 700 notifica√ß√µes de ocorr√™ncias com aves por anoO n√∫mero foi apresentado em coletiva de imprensa do governo estadual nesta quarta-feira (28) como uma tentativa de tranquilizar a popula√ß√£ohttps://t.co/RUtXDPE8l6,6056
Metr√¥ de BH organiza nova campanha de vacina√ß√£o contra gripehttps://t.co/JyDwyAV0L0,6059
Gripe avi√°ria: RS come√ßa a instalar barreiras de desinfec√ß√£o ap√≥s foco em granjaClique na imagem para ler üëáhttps://t.co/h4nQjXunCV,6072
Gripe avi√°ria: Emirados √Årabes suspendem compra de frango pela primeira vez; R√∫ssia afrouxa bloqueio.#Gripeavi√°ria #Montenegro #RioGrandedoSul #Frango #TVCultura https://t.co/R0CKeqTNnb,6091
"Em meio a emerg√™ncia por gripe avi√°ria, fiscais agropecu√°rios do RS reclamam de sobrecarga. 156 vagas para fiscais est√£o abertas, sem previs√£o de serem ocupadas, segundo a Afagro.https://t.co/m44PYuAKSJ",6093
"Ap√≥s China e Uni√£o Europeia, Argentina suspende compra de frangoBrasil rev√™ protocolos sanit√°rios para conter avan√ßo de gripe avi√°ria e preservar os acordos comerciais https://t.co/bTTBJxjem6",6158
A confirma√ß√£o do primeiro caso de gripe avi√°ria numa granja comercial do Brasil acendeu o alerta das autoridades sanit√°rias do pa√≠sEntenda o que se sabe at√© agora sobre a doen√ßa: https://t.co/XfPa7UzZDP https://t.co/lMW6VwQ025,6159
"Pre√ßo do ovo recua 7,2% no atacado em Porto Alegre ap√≥s gripe avi√°ria, mostra Cepea https://t.co/9PpxlopKyo",6163
Mundo j√° licenciou 20 vacinas emergenciais de gripe avi√°ria; veja ondehttps://t.co/CMTm3K0zR4 https://t.co/xYDTLTNa5N,6166
C√¢mara aprova urg√™ncia de projetos para enfrentamento √† gripe avi√°ria https://t.co/Z8czgeeNRj via @Fato Amaz√¥nico,6173
"Ap√≥s o Minist√©rio da Agricultura confirmar um caso de gripe avi√°ria em uma granja de aves comerciais no Brasil, muitas d√∫vidas surgiram. Voc√™ pode comer frango e ovo sem se preocupar? O pre√ßo desses produtos vai ser afetado? O rep√≥rter Vitor Hugo Batista responde essas e outras‚Ä¶ https://t.co/ACqzp14QCm",6174
Governo confirma primeiro foco de gripe avi√°ria em granja comercial no Brasilhttps://t.co/WHPpff68l2(Foto: Ag√™ncia Brasil) https://t.co/tLpACaKowJ,6184
"‚ÄòTem v√≠rus no mundo todo‚Äô, diz Alckmin sobre impacto de gripe avi√°ria no pre√ßo de alimentos#PortalR7 #R7 https://t.co/DsUMHNAzsW",6189
Gripe avi√°ria foi a causa da morte de aves em zool√≥gico no RShttps://t.co/1HNZpfMfbM,6235
Nove casos suspeitos de gripe avi√°ria s√£o investigados no Brasil#PortalR7 #R7 #JR24H #JornalDaRecord https://t.co/636usjX7yb,6239
RT @folha: Papa Francisco cancela audi√™ncias deste s√°bado (24) devido a gripe leve https://t.co/01N4rWhglF,6242
Brasil notifica erradica√ß√£o do foco de gripe avi√°ria √† Organiza√ß√£o Mundial de Sa√∫de Animal. A√ß√µes foram conclu√≠das em 21 de maio https://t.co/WlPifDqHM7 https://t.co/zQnlLBtDQC,6258
"Durante reuni√£o de l√≠deres nesta quinta-feira (22), os deputados definiram pautas consensuais para a pr√≥xima semana. Propostas sobre gripe avi√°ria e georreferenciamento da faixa de fronteiras est√£o na pauta de vota√ß√µes. https://t.co/ujJOFXvdB1",6262
"As autoridades sanit√°rias de Minas Gerais v√£o definir, nesta quarta-feira (28), medidas para conter a dissemina√ß√£o da gripe avi√°ria. Os casos confirmados envolvem dois gansos e um cisne-negro silvestre. #NoArNaCBNhttps://t.co/CSf9lOt3cK",6263
‚ñ∂Ô∏è Novo caso suspeito de gripe avi√°ria √© investigado em AmambaiA suspeita envolve uma cria√ß√£o dom√©stica e ainda n√£o h√° resultado conclusivo#UltimasNoticias #CapitalNewshttps://t.co/HwDe47ZpZ6,6264
"A Funda√ß√£o Municipal de Sa√∫de (FMS), promove neste s√°bado (17), o dia D da vacina√ß√£o contra a gripe. Acesse: https://t.co/gef89Eet52 https://t.co/Fxg6QfuJUf",6267
Pernambuco anuncia como ser√° campanha de vacina√ß√£o contra gripe de 2025; veja grupos priorit√°rios. #vvhttps://t.co/3KsYsLdGVS,6279
MG declara emerg√™ncia sanit√°ria ap√≥s caso de gripe avi√°ria em aves ornamentais na Grande BH https://t.co/KoX0ntgGjm #Brasil #ODia,6281
Minist√©rio da Agricultura investiga suspeita de gripe avi√°ria no Zool√≥gico de Bras√≠liaT√©cnicos da Secretaria de Agricultura do Distrito Federal estiveram no local para fazer inspe√ß√£o. Os exames das aves est√£o a cargo do minist√©riohttps://t.co/aGbwPjaqNT,6282
"#GRIPEAVIARIA | O Minist√©rio da Agricultura investiga 11 casos suspeitos de gripe avi√°ria no Brasil.Segundo o √∫ltimo balan√ßo divulgado ontem pela pasta, 5 s√£o em aves silvestres, 2 em granjas comerciais e outros 4 em cria√ß√µes dom√©sticas.",6285
"O ministro da Agricultura, Carlos F√°varo, anunciou que o foco da gripe avi√°ria, identificado no munic√≠pio de Montenegro (RS), est√° contido. A declara√ß√£o foi feita em audi√™ncia, nesta ter√ßa (27), na Comiss√£o de Agricultura e Reforma Agr√°ria do Senado.https://t.co/txUSjjbtvJ https://t.co/CdGbvo91Sd",6378
Gripe avi√°ria: F√°varo diz que a popula√ß√£o pode consumir frango e ovos; pasta investiga 11 casoshttps://t.co/btNqN7DtJb,6384
Brasil confirma primeiro caso de gripe avi√°ria no RS; veja tudo o que voc√™ precisa saber https://t.co/3QfSGXFt31 https://t.co/ArVZt1FzJn,6388
Governo de MG descarta toneladas de ovos ap√≥s surto de gripe avi√°ria https://t.co/JfvGVcuP2P,6391
"MG confirma caso de gripe avi√°ria, e governo decreta estado de emerg√™ncia animal https://t.co/nkSxqYx7th #g1",6396
Governo do Estado j√° havia descartado a presen√ßa do v√≠rus de alta patogenicidade da gripe avi√°ria com base em laudo preliminar e busca tranquilizar a popula√ß√£o para o consumo de carne e ovos #JornaldoTocantins #economia #Tocantins https://t.co/eKDOIuV5Kv,6407
Governo descarta gripe avi√°ria em granja comercial de Santa Catarina https://t.co/Q6SNFZ4yei,6411
"Belo Horizonte ter√° diversos pontos de vacina√ß√£o contra a gripe neste s√°bado (31)Para se imunizar, √© preciso apresentar documento de identifica√ß√£o com foto, CPF e cart√£o de vacina√ß√£o https://t.co/SouMYqCb44 https://t.co/vXCwz2mERW",6412
Gripe avi√°ria: l√≠deres da C√¢mara decidem pautar fundo de preven√ß√£o em resposta ao v√≠rus#PortalR7 #R7 https://t.co/QxFwBUmKN2,6416
Governo de Minas detalha decreto de emerg√™ncia sobre gripe avi√°riahttps://t.co/juDnr3w6cx,6417
M√©xico suspende importa√ß√£o de frango brasileiro ap√≥s caso de gripe avi√°ria no RShttps://t.co/xSycV9MD0n,6426
Zool√≥gico de Bras√≠lia √© fechado por suspeita de gripe avi√°riahttps://t.co/9L4Z1uO60L,6427
"S√£o muitas as demandas do campo e todas urgentes, tch√™! Afinal, o que est√° em risco s√£o milhares de postos de trabalho. O assunto de hoje √© gripe avi√°ria e as barreiras comerciais. Aperta o play e compartilha com os amigos! üöÄ https://t.co/FOzmn63cOf",6466
"Recebi hoje prefeitos e representantes de munic√≠pios do Litoral ga√∫cho para debatermos a√ß√µes de preven√ß√£o e de controle da gripe avi√°ria e em rela√ß√£o aos √≥bitos de mam√≠feros aqu√°ticos na regi√£o. O @governo_rs est√° em alerta, atuando em conjunto com as prefeituras para encaminhar https://t.co/U4LqQDcFLh",6487
Gripe avi√°ria: qual o risco de doen√ßa se espalhar pelo Brasil?https://t.co/yLFJFLorZjhttps://t.co/yLFJFLorZj,6492
Minas Gerais decreta emerg√™ncia sanit√°ria animal por gripe avi√°riahttps://t.co/D4G2CuDB3S,6494
"O Instituto Oswaldo Cruz informou que, ap√≥s an√°lise do material de um trabalhador de uma granja no Rio Grande do Sul com suspeita de gripe avi√°ria, n√£o foi detectada a presen√ßa do v√≠rus influenza avi√°rio H5N1.#NoArNaCBN https://t.co/XAdpimra48",6496
LUCAS DO RIO VERDELucas do Rio Verde realiza Dia ‚ÄúD‚Äù de vacina√ß√£o contra a gripe neste s√°bado (12)https://t.co/fpRK3rIeo8 https://t.co/SNkPPZt5eB,6498
Vacina da gripe: Prefeitura do Recife disponibiliza imuniza√ß√£o nos mercados p√∫blicos at√© este s√°bado (19)https://t.co/RVgrYzhoHr,6502
Governo de Minas adota medidas preventivas ap√≥s caso de gripe avi√°riahttps://t.co/TZjp03dpbN,6505
Gripe avi√°ria: governo pede a pa√≠ses restri√ß√£o limitada a 10 km do foco https://t.co/ueP9d0RkpG via @Fato Amaz√¥nico,6506
"Gripe avi√°ria: suspeita √© investigada em granja comercial de Anta Gorda, aponta Minist√©rio da Agricultura https://t.co/2cQWSIL701 #g1RS https://t.co/5IjYiSTOHU",6510
"Segundo o governo, esta √© a primeira vez que a gripe avi√°ria atinge a avicultura comercial nacional. @Mapa_Brasil #portalgp1 #Brasil  #riograndedosul https://t.co/L7IG0ywBKI",6519
Zool√≥gico de Bras√≠lia √© fechado ap√≥s suspeita de gripe avi√°ria https://t.co/WAvGN3CPTL #Brasil #ODia,6526
"Gripe avi√°ria n√£o deve impactar pre√ßo da carne de frango, diz ministrohttps://t.co/yNFTVt0adh",6533
"O s√°bado (10) marca o Dia D da vacina√ß√£o contra a gripe em todo o Brasil, mas em alguns locais, como em Bras√≠lia, a imuniza√ß√£o j√° come√ßou. A a√ß√£o √© promovida pelo Minist√©rio do Trabalho e Emprego em parceria com outros √≥rg√£os do governo. #Rep√≥rterBrasilüì≤ https://t.co/NKn2jKblcn",6537
Zool√≥gico de Bras√≠lia √© fechado por suspeita de casos de gripe avi√°ria. #TVCultura #GripeAviaria #Zoologico https://t.co/0ZnzuiQNec,6538
Trabalhador √© isolado ap√≥s ter sintomas e exposi√ß√£o ao v√≠rus da gripe avi√°ria em granja no RS https://t.co/v3LENKibY0 https://t.co/2DoBb7apLV,6545
"A Secretaria Municipal de Sa√∫de iniciou, neste s√°bado (10), o Dia D de vacina√ß√£o contra a gripe. Veja os locais, hor√°rios e outros detalhes da campanha.https://t.co/MbjvESQSIg",6548
Gripe avi√°ria: prefeito de Mateus Leme confirma casos no munic√≠pio.https://t.co/HU5FCh7fzP,6551
Per√≠odo de 28 dias para Brasil ficar livre da gripe avi√°ria inicia nesta quinta (22)https://t.co/pNN9mNVncc https://t.co/b1zB251Frd,6565
"RT @NoticiasRedetv: China, UE e Argentina suspendem compras de carne de frango do Brasil- Foco de gripe avi√°ria foi detectado no Rio Gran‚Ä¶",6577
"RT @cynaramenezes: quem n√£o te conhece que te compre: ""prefiro o lula"", diz mauro cid sobre candidatura de michelle; gripe avi√°ria: MAPA av‚Ä¶",6600
C√¢mara pode votar projeto que amplia remunera√ß√£o de fiscais agropecu√°rios que atuam contra gripe avi√°ria https://t.co/1dGajz0Pn3,6601
Gripe avi√°ria: veja as respostas para as principais d√∫vidas sobre a doen√ßaClique na imagem para ler üëáhttps://t.co/Ft8iIBkbnO,6622
‚ñ∂Ô∏è Ministro v√™ ind√≠cios de que China pode flexibilizar restri√ß√£o ao frango brasileiroPa√≠s asi√°tico suspendeu compras ap√≥s foco de gripe avi√°ria no Rio Grande do Sul#UltimasNoticias #CapitalNewshttps://t.co/P4wYsf0Nep,6628
Gripe avi√°ria: confirmado novo foco em ave silvestre no RS; suspeita no TO √© descartadahttps://t.co/jl46loGUyF,6630
Vacina√ß√£o contra a gripe ocorrer√° neste s√°bado em shopping de Santa Maria; veja como se imunizar https://t.co/FHnNfN3DGT,6631
BH: quase 6 mil se vacinaram contra a gripe em um √∫nico s√°badohttps://t.co/5u3xQFZ8Ap,6634
"Exames descartam cont√°gio por gripe avi√°ria de 5 pessoas que tiveram contato com aves doentes no RS, diz Secretaria da Sa√∫de https://t.co/QcP9U2oZVf #g1RS https://t.co/Su8T1TkOuY",6639
"LEIA NA EDI√á√ÉO DESTA TER√áA-FEIRA, 20 DE MAIO‚ñ∂ Poder executivo presta contas do 1¬∫ quadrimestre‚ñ∂ Em alerta, Paran√° refor√ßa protocolos para evitar gripe avi√°ria‚ñ∂ Dia da AbelhaAcesse https://t.co/3xEgwGHTGu https://t.co/dGAFEm8kli",6647
"https://t.co/MGRbCNoBBA Curitiba ter√° vacina√ß√£o contra gripe, covid e dengue no s√°bado https://t.co/InNFrGv6aj",6653
A campanha de vacina√ß√£o contra a gripe foi antecipada em todo o Par√° por causa do inverno amaz√¥nico. Mas mesmo assim s√≥ atingiu 13% do p√∫blico-alvo em todo o estado. Em Bel√©m apenas 19% do p√∫blico se vacinou. https://t.co/HqInmuxzdt,6654
"Gripe avi√°ria: RS determina restri√ß√£o de acesso, higieniza√ß√£o e veda√ß√£o em granjahttps://t.co/EkcGwHlrDl",6656
"üí¨ @GianeGuerra | De ovo com gema mole a carne crua de frango, virologista d√° orienta√ß√µes sobre consumo durante gripe avi√°riahttps://t.co/OZRcHvvvNZ",6661
As galinhas ser√£o vacinadas contra a gripe avi√°ria. Bolsonaristas comer√£o carne de frango vacinado?Bolsonaristas donos de avi√°rios v√£o impedir a vacina√ß√£o?Bolsonaristas donos de avi√°rios AGORA acreditam que vacina funciona?,6679
Ministro da Agricultura anuncia que foco de gripe avi√°ria est√° contido. F√°varo disse que epis√≥dio mostrou efic√°cia do sistema sanit√°rio do pa√≠shttps://t.co/m130FnBDi0 https://t.co/HBmDFlqzeY,6796
‚ñ∂Ô∏è Brasil confirma dois casos de gripe avi√°ria e investiga outros seisMinist√©rio da Agricultura refor√ßa vigil√¢ncia e pede colabora√ß√£o da popula√ß√£o para conter avan√ßo da doen√ßa#UltimasNoticias #CapitalNewshttps://t.co/ixMM0Y5ND1,6807
Minist√©rio da Agricultura investiga dois casos de gripe avi√°ria em granjas de Tocantins e Santa Catarinahttps://t.co/5fgj9z3sFm,6808
CEN√ÅRIO AGROFamato orienta avicultores de MT ap√≥s confirma√ß√£o de caso de gripe avi√°ria em plantel comercial no RShttps://t.co/dFxyCaYy9f https://t.co/gE1vKaaAvI,6812
Brasil confirma primeiro caso de gripe avi√°ria em granja comercial https://t.co/1W60kaNH9D,6817
M√©xico suspende importa√ß√£o de produtos av√≠colas do Brasil por surto de gripe avi√°ria https://t.co/GgS5PEIkeK,6818
Gripe avi√°ria: caso suspeito no Par√° √© enviado para an√°lise https://t.co/4LwCnRPYmK,6820
O #Fant√°stico mostrou a opera√ß√£o de guerra que foi montada para combater a gripe avi√°ria no Rio Grande do Sul. E como os americanos est√£o enfrentando esse v√≠rus que j√° matou 170 milh√µes de aves em tr√™s anos s√≥ nos Estados Unidos: https://t.co/AeBdyX0ZSm,6831
Fila longa para vacinar contra gripe n√£o desanima moradores de BH em s√°bado de solhttps://t.co/uLrZsfxxzD#minas #vacina√ßaocontragripe #vacinacontragripebh #postosvacinagripebh https://t.co/lQfJ6FqkOP,6842
#BandNews | O Governo de Minas declarou nesta ter√ßa-feira (27) situa√ß√£o de emerg√™ncia ap√≥s um caso de gripe avi√°ria ser detectado em um s√≠tio na regi√£o metropolitana de Belo Horizonte. https://t.co/pVV5G4iV7h,6851
Brasil registra primeiro caso de gripe avi√°ria em granja comercial. üì≤ #RecordNewshttps://t.co/G6jC0xhkJu,6853
Ministro da Agricultura garante seguran√ßa da defesa sanit√°ria para controlar gripe avi√°ria https://t.co/cOy6heVV2H https://t.co/IGs5aoX9zZ,6856
üíâ Cidades iniciam campanha de vacina√ß√£o contra a gripe; saiba quem pode e como se vacinar no ES ==&gt; https://t.co/UhvC3jCHxC #g1ES,6859
"O Minist√©rio da Agricultura investiga sete casos suspeitos de gripe avi√°ria no pa√≠s. A doen√ßa, que afeta aves, pode trazer s√©rios impactos √† produ√ß√£o e √† sa√∫de p√∫blica. Barreiras sanit√°rias est√£o funcionando em pontos estrat√©gicos, especialmente nas regi√µes pr√≥ximas √†s granjas. A https://t.co/Bg1kOzIpn0",6861
S√°bado (24) ser√° o ‚ÄòDia D‚Äô da vacina√ß√£o contra a gripe em Porto Alegre. A data tamb√©m ter√° passe livre no transporte p√∫blico da Capital.https://t.co/BHRbSgSycn,6863
‚ñ∂Ô∏è Casos suspeitos de gripe avi√°ria sobe para sete no BrasilCasos em an√°lise incluem granjas comerciais e aves de subsist√™ncia#UltimasNoticias #CapitalNewshttps://t.co/rrxGLhg6oi,6921
"6 pontos cruciais sobre a gripe avi√°ria: principais sintomas, formas de preven√ß√£o e mais https://t.co/POrSiLgsAv https://t.co/4qmfIohZeM",6924
"RS investiga suposto novo caso de gripe avi√°ria em Anta Gorda, no Vale do Taquari‚û°Ô∏èInforma√ß√£o consta na p√°gina S√≠ndrome Respirat√≥ria e Nervosa das Aves, do Minist√©rio da Agricultura e Pecu√°ria, Mapahttps://t.co/3UinciUCrN",6928
Gripe avi√°ria: RS conclui instala√ß√£o de sete barreiras sanit√°rias. üì≤ #RecordNews https://t.co/0xEgXxx9Lv,6932
üêî Suspeita de gripe avi√°ria em granja comercial de SC √© descartada; h√° 12 investiga√ß√µes - https://t.co/2JHNaPiKSU https://t.co/mAbrKusiuL,6938
Granja no raio de 10 km de foco de gripe avi√°ria abate 60 mil galinhas em Montenegro por precau√ß√£o https://t.co/vw4gsTtWrj #g1RS https://t.co/C6VRDrHfvl,6944
"Brasil investiga 20 casos suspeitos de gripe avi√°ria, diz Minist√©rio da Agriculturahttps://t.co/aYFwMquczx https://t.co/xoBoIR7vxE",6950
"Por suspeita de gripe avi√°ria, zool√≥gico de Bras√≠lia √© fechado nesta quarta-feira (28) https://t.co/MqfQl2hINi #UltimoSegundo #PortaliG",6971
Novo caso de gripe avi√°ria √© confirmado em Minas Gerais. üì≤ #RecordNews https://t.co/IfpQnBJ6bn,6974
"Come√ßou a campanha de vacina√ß√£o contra a influenza. A vacina da gripe, que tamb√©m previne contra o v√≠rus H1N1,... https://t.co/TcTf1jBZWX",6976
RT @GloboNews: O Instituto Butantan aguarda aval da Anvisa para iniciar a pesquisa da vacina contra gripe avi√°ria em humanos. O Butantan in‚Ä¶,6984
"PROTE√á√ÉO CONTRA GRIPE | Unidades b√°sicas de sa√∫de (UBS) e pontos de vacina√ß√£o promovem neste s√°bado (10) o Dia D de vacina√ß√£o contra a gripe.  A a√ß√£o acontece nas regi√µes Nordeste, Centro-Oeste, Sul e Sudeste. Veja a lista completa do p√∫blico-alvo: https://t.co/plfK05hB5q. https://t.co/qaKIo95OzO",7001
Rio Grande do Sul descarta 5 casos suspeitos de gripe avi√°ria em humanoshttps://t.co/FdB2NUrBzb,7005
"üì∞O fechamento foi uma determina√ß√£o do GDF, ap√≥s serem encontrados um pombo e um irer√™ mortos nas depend√™ncias do Zool√≥gico de Bras√≠lia. Amostras dos bichos foram recolhidas para checar suspeita de gripe avi√°ria.https://t.co/CK5jMHuVmP",7009
"Ap√≥s caso de gripe avi√°ria em granja ga√∫cha, China e UE suspendem importa√ß√µes de frango por 60 diasLeia no Di√°rio de Goi√°s!!!https://t.co/Dj68QdCouJ",7012
Gripe avi√°ria: 63 pa√≠ses suspendem compra de frango do Brasil; saiba quaishttps://t.co/bBkFYeqi9z https://t.co/g3VbYgRglM,7016
"Gripe avi√°ria: Agricultura investiga poss√≠veis focos em cinco estados ‚ñ∂ https://t.co/EZhXhPj2xd üì∏ . Reprodu√ß√£o/Ang√©lica Luersen, BD, NSC https://t.co/SZsexFwBdj",7026
#GripeAvi√°ria: Entidade internacional restringe alcance da gripe avi√°ria √† Montenegrohttps://t.co/VNK78fIP7Z,7030
"Ap√≥s caso de gripe avi√°ria, pre√ßos da carne de frango despencam no mercado interno https://t.co/CPpxKkUqid #Economia #ODia",7035
"Campanha de vacina√ß√£o contra gripe come√ßa nos terminais de integra√ß√£o de S√£o Lu√≠s, nesta ter√ßa (27)https://t.co/vTPO2PWkU0",7036
"‚ö†Ô∏èüêîUm novo caso de gripe avi√°ria no RS levou China e Uni√£o Europeia a suspenderem a compra de frango do Brasil. O epis√≥dio acende um alerta n√£o s√≥ sanit√°rio, mas tamb√©m sobre a precariza√ß√£o dos trabalhadores da avicultura. üß∂",7042
Caso de gripe avi√°ria √© confirmado em MG; governo decreta emerg√™ncia sanit√°ria.#Mapa #Gripeavi√°ria #MG #MateusLeme #TVCultura https://t.co/K2i7YVBjv5,7048
Veja a lista de pa√≠ses que suspenderam compras de aves brasileiras devido √† gripe avi√°ria#PortalR7 #R7 #JR24H #JornalDaRecordhttps://t.co/nZmsWlpPNX,7050
"Ministro da Agricultura anuncia que foco de gripe avi√°ria em Montenegro est√° contido. No raio de 10 quil√¥metros da granja afetada, foram identificados 540 estabelecimentos rurais, e todos j√° foram vistoriados. https://t.co/wMwaSUzQMohttps://t.co/wMwaSUzQMo",7054
"De um lado, Lula 3 reajusta sal√°rios do Executivo em at√© 69%. Do outro, aumenta o IOF e diz que falta dinheiro. Contradi√ß√£o pura!A eleva√ß√£o do IOF afeta o setor produtivo, inclusive os produtores ga√∫chos, que j√° est√£o enfrentando os impactos da gripe avi√°ria, secas e enchentes",7169
"RT @GloboNews: Lula se vacina conta a gripe em Montes Claros, MG, no lan√ßamento da campanha nacional de imuniza√ß√£o. Minist√©rio da Sa√∫de esp‚Ä¶",7184
"Estamos antecipando o in√≠cio da campanha de vacina√ß√£o contra a gripe! Aqui no Paran√°, a campanha come√ßa na pr√≥xima ter√ßa-feira, dia 1¬∫ de abril. Contamos com 332 mil doses para come√ßar e esperamos imunizar o m√°ximo de pessoas.https://t.co/rdAyrL1Yus",7190
"J√° estamos tomando todas as medidas sanit√°rias necess√°rias para conter o foco de gripe avi√°ria confirmado em uma granja comercial em Montenegro. Equipes da Seapi, junto ao Minist√©rio da Agricultura, atuam com rapidez e rigor t√©cnico para isolar e eliminar o foco.",7193
"Pesquisadores que estudam como as doen√ßas se desenvolvem alertam que talvez nem tenhamos percebido que os EUA j√° ultrapassaram o ponto de virada para que a gripe avi√°ria se torne uma pandemia humana, devido √† vigil√¢ncia falha: https://t.co/5Ze4Qrxdz3 https://t.co/vV7Djsbhbs",7206
"O Minist√©rio da Agricultura e Pecu√°ria investiga dois casos suspeitos de gripe avi√°ria em Minas Gerais: uma pomba encontrada em Belo Horizonte e uma galinha criada em uma resid√™ncia em Igarap√©, na Regi√£o Metropolitana.#NoArNaCBN #MinasGerais https://t.co/Rk4WC5LqfQ",7208
Veja a lista de pa√≠ses que suspenderam a compra de frangos brasileiros ap√≥s caso de gripe avi√°riahttps://t.co/A7OWFWIE9E,7209
MATO GROSSOMato Grosso mant√©m status livre de gripe avi√°ria ap√≥s teste negativo em Nova Brasil√¢ndiahttps://t.co/5OWq0aEax3 https://t.co/CEZZFMxA0q,7212
Campanha de imuniza√ß√£o contra gripe de 2025 come√ßa dia 7Leia no Di√°rio de Goi√°s!!!https://t.co/aue7xOiqhu,7214
Granjas de Bastos pro√≠bem visitas e intensificam controle sanit√°rio ap√≥s caso de gripe avi√°ria no Brasilhttps://t.co/XCVLrplFsH#g1 #Bastos https://t.co/7XMVTuMKKZ,7219
Teste descarta gripe avi√°ria em trabalhador de Montenegro no RS https://t.co/I3kNgMRw7P #MeiaHora,7230
Primeira vez no Brasil: Foco de gripe avi√°ria √© registrado na regi√£o; saiba se h√° riscos para humanoshttps://t.co/W2aoZjgDEY,7232
Nove casos de suspeita de gripe avi√°ria s√£o investigados pelo Minist√©rio da Agricultura em diferentes regi√µes do pa√≠s. A preocupa√ß√£o nesse momento √© com as aves migrat√≥rias. üëâ Veja essa e outras not√≠cias em https://t.co/uCww4tWizj #JornalDaRecord #JR24H https://t.co/cuMjHBePPc,7246
"Governo do Cear√° monitora gripe avi√°ria e faz 22 descartes da doen√ßa; entenda    ‚û°Ô∏è Conforme o comunicado, destas notifica√ß√µes atendidas, em 13 foram identificados sintomas, mas, por meio de testes, todos os resultados foram negativos    https://t.co/E9DjZte71k",7254
Vacina brasileira contra gripe avi√°ria entra em fase teste https://t.co/jaPZBovABu,7335
Sobe para 25 n√∫mero de pa√≠ses que suspenderem compra de frango do Brasil ap√≥s gripe avi√°ria em granja do RS. #NoArNaCBN https://t.co/sWGeONgxDJ,7341
Governo confirma primeiro caso de gripe avi√°ria em granja comercial no Brasilhttps://t.co/lELbcecPLj,7353
EDITORIAL: ‚ÄòA gripe avi√°ria atinge o Pa√≠s‚Äô ‚Äì Governo conteve danos do primeiro foco em granja comercial; manter vigil√¢ncia √© vital (via @opiniao_estadao) https://t.co/aiNNC8zhdPüì∏ Dusan Petkovic/Adobe Stock https://t.co/FWhLYZPJUI,7355
Itapetininga ter√° vacina√ß√£o contra gripe neste s√°bado https://t.co/Y1DwQPtqVU #g1 #Itapetininga,7360
A campanha de vacina√ß√£o contra a gripe come√ßa nesta segunda-feira (25) em todos os munic√≠pios do Paran√°. Pessoas... https://t.co/DTqYUO2DXi,7364
Governo apura sete suspeitas de gripe avi√°ria no pa√≠s https://t.co/fvAaI3GlJs,7376
üî¥#AoVivo | Veja no jornal Direto da C√¢mara:- Pauta do plen√°rio deve incluir projetos para enfrentamento da gripe avi√°ria no pa√≠s e prorroga√ß√£o do prazo do CAR - o Cadastro Ambiental Rural - para propriedades em √°reas de fronteira.Assista aqui: ‚ñ∂ https://t.co/hwUeMrPmE6 https://t.co/ZCeBdAhaFs,7389
Granja de Montenegro com foco de gripe avi√°ria acaba de ter limpeza e desinfec√ß√£o conclu√≠das com rigorosa supervis√£o t√©cnica do Servi√ßo Veterin√°rio Oficial do RS. Vazio sanit√°rio de 28 dias come√ßa a partir desta quinta (22/5). Seguimos firmes na defesa sanit√°ria do nosso estado,7412
Assinei o decreto que institui o estado de emerg√™ncia em sa√∫de animal para enfrentamento da influenza avi√°ria no Rio Grande do Sul. A medida atende uma recomenda√ß√£o do Minist√©rio da  Agricultura e permite ao Estado dar uma resposta mais r√°pida em casos de foco de gripe avi√°ria. https://t.co/jVUEsd07UZ,7413
Prefeitura de Mateus Leme decreta situa√ß√£o de emerg√™ncia ap√≥s casos de gripe avi√°ria em Minas Gerais.#NoArNaCBN https://t.co/q8emQoHO4G,7424
Sa√∫de realiza Dia D de vacina√ß√£o contra a gripe neste s√°badohttps://t.co/jQBTO7gOmM https://t.co/830YJKEokD,7432
"üêî Exame de amostras em Salitre d√° negativo e Cear√° segue livre da gripe avi√°ria, diz GovernoO laudo laboratorial foi feito pelo Minist√©rio da Agricultura e Pecu√°ria (Mapa)https://t.co/MqNzKD3pbghttps://t.co/MqNzKD3pbg",7433
"Gripe avi√°ria em Minas Gerais n√£o altera prazo para Brasil retomar exporta√ß√µes, diz governohttps://t.co/l1KXloFZlC https://t.co/bnhgasQXrO",7436
"Reveja a entrevista de Denise Campos de Toledo com Kaliton Prestes, secret√°rio executivo da FETAG-RS, sobre agroneg√≥cio no Estado e gripe avi√°ria. #JornalDaGazetaFoto: Reprodu√ß√£o/Redes Sociaishttps://t.co/LiaBUghNwh",7451
Gripe avi√°ria: mais tr√™s pa√≠ses bloqueiam importa√ß√£o de frango de todo o Brasil; veja lista atualizada. #GripeAvi√°ria #Not√≠cias #Brasil #Economia #TVCultura #Mundo #Importa√ß√£o https://t.co/e0hUdevhr6,7473
Governo prorroga estado de emerg√™ncia zoossanit√°ria devido √† gripe avi√°riahttps://t.co/cBhnWoFqId,7474
"@govbr Tarifa Social reformulada, mais moradias pelo Minha Casa Minha Vida, combate √† gripe avi√°ria, Nova Pol√≠tica de EaD e refor√ßo no reflorestamento. Confira o que o #GovFez entre os dias 19 e 23 de maio e espalhe as boas not√≠cias üáßüá∑üì¢LULA FAZ ACONTECER #LulaBrasilSoberano https://t.co/w2mxOmfSRh",7505
"Adagri descarta suspeita de gripe avi√°ria em Icapu√≠ e Quixad√° ‚û°Ô∏èAt√© o momento, n√£o h√° registros da presen√ßa do v√≠rus da influenza avi√°ria em aves no Cear√°.https://t.co/3YhznZGAM6",7524
Dia D de vacina√ß√£o contra gripe mobiliza Goi√¢nia e Aparecida neste s√°bado - Leia no Di√°rio de Goi√°s: Conte√∫do de verdade com jornalismo profissional https://t.co/K4Re5eMEE4,7546
üîé Gripe avi√°ria: o que se sabe at√© agora sobre os casos suspeitos no Brasil - https://t.co/cPdQrvoNEo https://t.co/RSAMCdpzdH,7549
Vacina da gripe em Ribeir√£o Preto: postos de sa√∫de abrem neste s√°bado (24) #g1ribeirao #gripe #vacina https://t.co/UKcOOwePlI,7550
Gripe avi√°ria: governo investiga 9 casos suspeitos no Brasil ‚ñ∂ https://t.co/mNxt1vj9nb üì∏Getty Images https://t.co/cwaQUO3zLB,7558
"Na entrevista do dia, Denise Campos de Toledo conversa com Kaliton Prestes, Secret√°rio Executivo da Fetag-RS , sobre o agroneg√≥cio no Estado, retomada ap√≥s enchentes e a gripe avi√°ria.Foto: Reprodu√ß√£o/Redes Sociais https://t.co/1TouJAB6gw",7561
Gripe avi√°ria: China veta importa√ß√£o de todos os produtos relacionados a aves do Brasil https://t.co/VpylrnIdqD,7567
Rio Grande do Sul descarta 5 casos suspeitos de gripe avi√°ria em humanoshttps://t.co/vd2U8oSdmF,7568
Zool√≥gico de Bras√≠lia fecha por suspeita de gripe avi√°riahttps://t.co/0J1IIUNRPt,7575
Gripe avi√°ria: humanos podem contrair a doen√ßa? https://t.co/TljtiF4Z3W https://t.co/o0MLco2yTg,7576
üì≤ #AOVIVO | SBT Not√≠cias: MG decreta emerg√™ncia sanit√°ria ap√≥s confirma√ß√£o de caso de gripe avi√°riahttps://t.co/vm4OuCIJTR,7578
Comiss√£o do Senado ouve Carlos F√°varo por medidas contra gripe avi√°ria https://t.co/5XV03EWzw7,7585
Granja com 17 mil aves para produ√ß√£o de ovos f√©rteis foi foco de gripe avi√°ria no RShttps://t.co/6MDUAX6Ufi,7589
Campanha de vacina√ß√£o contra a gripe para grupos priorit√°rios termina no s√°bado; confira as unidades #g1AM https://t.co/j8IzCGGMc7,7607
"#AOVIVO: Acompanhe a sess√£o do Plen√°rio desta ter√ßa-feira (27), que pode votar o fundo para compensar perdas agropecu√°rias [PL 711/2022] e indeniza√ß√£o a fiscais agropecu√°rios que atuam contra a gripe avi√°ria [PL 3179/2024]. https://t.co/gdkGwslFWg",7631
‚ñ∂Ô∏è Casos de gripe avi√°ria derrubam pre√ßo do frangoOferta elevada e embargos internacionais pressionam o mercado#UltimasNoticias #CapitalNewshttps://t.co/eFlvsT94Mk,7632
O Minist√©rio da Agricultura e Pecu√°ria confirmou o primeiro caso de gripe avi√°ria em uma granja de aves comerciais no Brasil. #NoArNaCBNhttps://t.co/KQWVOrh8Us,7634
üêî Cear√° investiga dois novos casos suspeitos de gripe avi√°ria; entendaSuspeitas s√£o nas cidades de Icapu√≠ e Quixad√°https://t.co/6HwLrfCaDlhttps://t.co/6HwLrfCaDl,7641
üêî Surto de gripe avi√°ria em mam√≠feros duplicou em 2024 - https://t.co/GywgPa6VLD https://t.co/G5EY2qVpBp,7645
üíâGoverno de S√£o Paulo promove Dia D de vacina√ß√£o contra gripe neste s√°bado https://t.co/WBBqAfHLc9,7661
Governo analisa novos casos suspeitos de gripe avi√°ria no Brasilhttps://t.co/Lv8fgBLoCx https://t.co/fYltsV3f2U,7662
Gripe avi√°ria: Secretaria de Sa√∫de mant√©m risco baixo de transmiss√£o e ativa plano de conting√™ncia https://t.co/lG0Nix4LJX #UltimoSegundo #PortaliG,7684
RS retira barreiras sanit√°rias contra gripe avi√°ria; assista #LiveCNNBrasil https://t.co/Qg0wjVGEIm,7703
"Estado descarta cinco casos suspeitos de gripe avi√°ria em humanosDois trabalhadores de granja e tr√™s funcion√°rios do zool√≥gico apresentaram sintomas gripais, mas Influenza H5N1 foi descartada https://t.co/Qf35Ha9qvc",7706
C√¢mara acelera projeto que cria fundo para produtores impactados pela gripe avi√°riahttps://t.co/D3Kpx1WWlv,7720
üíâ S√£o Bernardo faz Dia D da gripe com vacina em UBSs e shoppings neste s√°bado (10) Leia: https://t.co/ea3pDtLWpT https://t.co/hDN0PnuqGD,7725
Governo investiga 7 casos suspeitos de gripe avi√°ria no Brasil; trabalhador √© isolado no RS https://t.co/C6l6PEdIxn via @Fato Amaz√¥nico,7726
Minist√©rio descarta suspeita de gripe avi√°ria em granja comercial em Tocantins https://t.co/qraUiyt2z9 #g1,7727
Exame que identifica gripe avi√°ria usa mesmo m√©todo de teste de Covid; entenda #g1 #g1Campinas #EPTV https://t.co/fNMR20AeIB,7730
"LEIA NA EDI√á√ÉO DESTA QUINTA-FEIRA, 27 DE MAR√áO‚ñ∂ Campanha de vacina√ß√£o da gripe espera imunizar 90% dos grupos priorit√°rios‚ñ∂ Porco Moura‚ñ∂ Arte circenseAcesse https://t.co/3xEgwGHTGu https://t.co/9t6B1KJ8vz",7749
Argentina suspende importa√ß√µes de aves do Brasil ap√≥s caso de gripe avi√°ria https://t.co/yad7La49HM,7756
Minas decreta emerg√™ncia ap√≥s confirma√ß√£o de gripe avi√°ria em aves ornamentais no estado #PortalR7 #R7 https://t.co/maYqoCvYqC,7760
Brasil deve iniciar contagem regressiva para retomar status de pa√≠s livre da gripe avi√°ria https://t.co/7iYzQi5u5W,7762
"Um trabalhador da granja em Montenegro, foi isolado com suspeita de gripe avi√°ria pela Secretaria de Sa√∫de do Rio Grande do Sul, e a amostra do exame j√° foi enviada para a Fiocruz, laborat√≥rio de refer√™ncia nacional para v√≠rus respirat√≥rios. √â preciso esperar o resultado da https://t.co/hD6ReIcC1a",7796
"J√° est√£o sabendo da novidade? üëÄ Neste s√°bado (10), todos os 134 postos de sa√∫de de Fortaleza est√£o abertos at√© 16h30 para o Dia D da Vacina√ß√£o contra a gripe.N√£o deixe pra depois. Fique em dia com a sa√∫de! üíâüòÆ‚Äçüí® https://t.co/9NjxD235Oy",7829
A suspeita de gripe avi√°ria em Santa Catarina deu negativa. Seguimos sem nenhum caso em granja comercial na nossa hist√≥ria. Resultado de trabalho s√©rio de biosseguridade! https://t.co/PkkNe5puHs,7849
‚ñ∂Ô∏è Vacina√ß√£o: Campo Grande realiza Drive-Thru no Parque Ayrton SennaA√ß√£o acontece neste s√°bado (10) e domingo (11) com foco na preven√ß√£o da gripe e ampla cobertura vacinal#UltimasNoticias #CapitalNewshttps://t.co/gpEoaGjU99,7958
"üîàAgora no CBN Vit√≥ria: Enio Bergoli, secret√°rio de Estado da Agricultura, Abastecimento, Aquicultura e Pesca (Seag).Tema: Gripe avi√°ria no Sul do Brasil - o que o ES far√° para proteger granjasOu√ßa em https://t.co/gw7mjXiGi2 üñ•Ô∏è, em 92,5 FM üìªe no app CBN Vit√≥ria üì≤! https://t.co/bZfwbJdEBz",7962
China e UE suspendem compra de frango brasileiro ap√≥s gripe avi√°ria https://t.co/5ZZHuYFIuj via @Fato Amaz√¥nico,7971
Suspeita de gripe avi√°ria √© investigada em Sergipe https://t.co/nbVwwu9ZIB#g1 #g1se https://t.co/IrpC9zICcO,7973
Gripe avi√°ria: autoridades brasileiras descartam tr√™s novas suspeitas e investigam outras quatro.A semana come√ßa sob impacto da suspens√£o da importa√ß√£o de frango brasileiro por 19 pa√≠ses e pela Uni√£o Europeia por causa da doen√ßa.Confira: https://t.co/BuidGsQVEb #JN https://t.co/nGQi6PqosF,7988
Brasil aguarda por medidas menos restritivas da China; gripe avi√°ria fez maior comprador de frango do pa√≠s suspender importa√ß√µes. #JornalGloboNews‚û° Assista √† #GloboNews: https://t.co/bFwcwLpLU9 https://t.co/RfcjmYWTDu,7989
#GripeAvi√°ria: Governo ga√∫cho muda medidas de combate √† gripe avi√°ria em Montenegrohttps://t.co/rAQPBICbsZ,7994
Barreiras sanit√°rias contra a gripe avi√°ria s√£o reduzidas no RS https://t.co/EAkm8JHdCX #MeiaHora,7998
Brasil confirma 1¬∫ foco de gripe avi√°ria em granja comercialhttps://t.co/vGhpw9ANJY,8010
RT @CNNEconomia: Governo descarta gripe avi√°ria em √∫ltima granja comercial sob investiga√ß√£ohttps://t.co/URfdpOolvn,8028
"Dia D contra a gripe üíâ √â neste s√°bado, 10 de maio!Das 7h √†s 12h30, 8 Unidades de Sa√∫de da Fam√≠lia estar√£o abertas para vacinar quem mais precisa de prote√ß√£o contra a gripe. https://t.co/WqeYJKhxkY",8064
"üíâ Tem drive-thru de vacina√ß√£o contra a gripe no Parque do Rangedor neste s√°bado (24) e domingo (25), das 9h √†s 18h.‚†ÄüëâüèΩ Liberado pra todo mundo a partir dos 6 meses. Bora se proteger!‚†Ä#GovernoMA #Sa√∫deMA https://t.co/gbZ8PaiNKB",8090
"E tamb√©m foi motivo para um livrado ser escrito. La final bastarda conta a hist√≥ria da decis√£o que foi jogada fora e dentro de campo, gol muito pol√™mico, designa√ß√£o de arbitragem encomendada, gripe avi√°ria e chuva de granizo. https://t.co/qZSXi8kwxK",8095
Paran√° come√ßa AMANH√É (01/04) a campanha de vacina√ß√£o contra a gripe! üíâAs doses j√° foram distribu√≠das para todo o Estado.üóìÔ∏è Fique de olho no cronograma!üìç Procure a unidade mais pr√≥xima e se proteja!#VacinaDaGripe #Vacina√ß√£o2025 #Sa√∫deParan√° #GripeN√£o #CampanhaDeVacina√ß√£o https://t.co/voEKHnZ5QE,8099
"Fernanda Boulos: Sem registro de transmiss√£o entre humanos, n√£o h√° alerta de pandemia de gripe avi√°ria https://t.co/yeIvV2JtSz",8150
Vacina√ß√£o contra a gripe √© refor√ßada em Aparecida neste s√°bado (31) https://t.co/QUKjfP96Sa https://t.co/n0qjlziPPP,8151
AGRICULTURA CONFIRMA CASO DE GRIPE AVI√ÅRIA EM MUNIC√çPIO DO RS https://t.co/jExDissnoI,8168
Campanha de vacina√ß√£o contra gripe encerra nesta sexta-feira -  https://t.co/Dr49k9ufwx de vacina√ß√£o contr... https://t.co/CAwaI93vhI,8171
Minist√©rio da Agricultura descarta gripe avi√°ria em granja em Ipumirim (SC); 12 casos s√£o investigados. #NoArNaCBN https://t.co/elxiVyZVPr,8177
CEN√ÅRIO AGROMapa confirma primeiro caso de gripe avi√°ria em aves comerciais no Brasilhttps://t.co/rAOtfDBHeY https://t.co/3ntdhvV89V,8189
Santa Maria tem Dia D de vacina√ß√£o contra a gripe neste s√°bado em 11 unidades de sa√∫de; veja locais e quem pode se imunizar https://t.co/753tUYmMnL,8197
Ministro da Agricultura enfatiza qualidade do sistema sanit√°rio brasileiro diante da gripe avi√°ria https://t.co/eoM6nAy6t2,8198
Brasil investiga 13 casos suspeitos de gripe avi√°ria; assista #CNNPrimeTime https://t.co/tTbqkCbkEF,8219
"Gripe avi√°ria: cepa identificada em granja comercial √© a mesma que circulou na Esta√ß√£o Ecol√≥gica do Taim em 2023, diz governo do RS https://t.co/AkfFnwTvxw #g1RS",8231
O #Fant√°stico come√ßou mostrando a opera√ß√£o de guerra que foi montada para combater a gripe avi√°ria no Rio Grande do Sul. https://t.co/JZMRryOQCA,8259
Biota de AL refor√ßa alerta e pede aten√ß√£o com aves marinhas em meio a novos casos de gripe avi√°ria ‚ñ∂ https://t.co/vKQRQtVNpU üì∏ Reprodu√ß√£o/Instagram https://t.co/FTaF6VrNCa,8260
"O Zool√≥gico de Bras√≠lia fechou, na tarde desta quarta-feira (28), ap√≥s suspeita de gripe avi√°ria em dois animais silvestres; pombo e irer√™, uma esp√©cie de pato, foram encontrados mortos. #GloboNewsMais ‚û° Assista √† #GloboNews: https://t.co/bFwcwLpLU9 https://t.co/VRTdzQr8Yc",8263
Dia D de vacina√ß√£o contra a gripe ser√° realizado neste s√°bado (10) em S√£o Lu√≠shttps://t.co/3QE9LtNo1L(Foto: T√¢nia Rego),8267
Alagoas recebe 800 mil doses de vacina contra a gripe para uso em campanha - https://t.co/7Ci5zAn6TU - @ExtraAlagoas https://t.co/gagQZqjza3,8277
"Pa√≠s investiga 12 casos suspeitos de gripe avi√°ria, um deles no DF https://t.co/iSNABTnOW6 #PortaliG #UltimoSegundo",8287
"‚û°Ô∏èEmerg√™ncia sanit√°ria por gripe avi√°ria no Par√° preocupa popula√ß√£oEstado descartou casos suspeitos, mas mant√©m medidas preventivas; comerciantes veem queda na procura por frango e ovos #sbtnews https://t.co/EcBjAFelUY",8297
Brasil confirma caso de gripe avi√°ria no RS e decreta emerg√™ncia por 60 dias https://t.co/tE4F9xoNJi #Brasil #gripeaviaria #riograndedosul #tribunapr,8299
"Com passe livre nos √¥nibus, Dia D de vacina√ß√£o contra gripe ocorre neste s√°bado em Porto Alegrehttps://t.co/J2Vllr1Z6j",8309
"Gripe avi√°ria demorou 19 anos para chegar ao Brasil e isso prova qualidade do controle brasileiro, diz Mendon√ßa de Barros https://t.co/vs7OHPLVBB",8311
"Influenza H5N1ü¶†üêî‚Å†‚Å†Este √© o nome do v√≠rus causador da t√£o falada gripe avi√°ria, reconhecidamente um dos principais candidatos a causar a pr√≥xima pandemiaSaiba mais sobre a doen√ßa, seus sintomas e riscos: https://t.co/7EAnC5edWY https://t.co/KdSok7rfKh",8339
Paran√° estima preju√≠zo milion√°rio com suspens√£o da exporta√ß√£o de frango ap√≥s casos de gripe avi√°ria.#NoArNaCBN https://t.co/EAjO2j71cf,8344
"CURITIBA: UNIDADES DE SA√öDE ESTAR√ÉO ABERTAS PARA VACINA√á√ÉO NESTE S√ÅBADO; SAIBA QUAISNove unidades de sa√∫de (US) estar√£o abertas para oferecer vacina√ß√£o contra gripe, dengue e covid-19 neste s√°bado (31) em Curitiba.https://t.co/mht0i52OQJ",8346
Goi√°s continua livre da gripe avi√°ria e refor√ßa a√ß√µes de preven√ß√£o==&gt; https://t.co/kSRfZHSQaB#NoArNaCBN #CBNGoiania #sa√∫de #not√≠cias https://t.co/oY6gGlFqk9,8350
Gripe avi√°ria: investiga√ß√µes de suspeita da doen√ßa em andamento sobem de 18 para 19Leia: https://t.co/GxpmvFXJ66 https://t.co/MpJiJIhgcq,8357
Par√° pro√≠be entrada de aves e ovos f√©rteis de estados com casos de gripe avi√°riahttps://t.co/PUjlaSs533,8367
Secretaria de Agricultura do RS fala sobre gripe avi√°ria em granja comercial; ASSISTA https://t.co/FMU7j0NVzE #g1RS https://t.co/kAgwD845cq,8370
Gripe avi√°ria: MG decreta emerg√™ncia sanit√°riahttps://t.co/Tmr1h3LMgd,8380
RT @NoticiasRedetv: Teste descarta gripe avi√°ria em trabalhador de Montenegro no RS- Exame foi realizado pela Funda√ß√£o Oswaldo Cruz#Tes‚Ä¶,8384
Dia D de vacina√ß√£o contra a gripe ser√° neste s√°bado no Rio; saiba mais https://t.co/PgIe7jCDe6,8396
Nova suspeita de gripe avi√°ria √© investigada no RS; veja onde est√£o os casos https://t.co/TAVJdVqWPu,8401
"üêì Ave dom√©stica √© investigada por suspeita de Gripe avi√°ria em Quixeramobim, interior do Cear√°üß´ A suspeita atual √© analisada em uma galinha e a amostra da ave foi enviada para diagn√≥stico laboratorial do Minist√©rio da Agricultura e Pecu√°ria (Mapa)https://t.co/f04Qwgh9Ze",8411
