vacina,174
Covid,69
vacinação,68
dengue,50
vacinas,49
dose,39
redução,39
populacional,39
Covid-19,36
reações,34
adversas,33
vacinal,33
covid,28
pessoas,28
saúde,26
proteína,26
pandemia,24
reforço,24
terapia,24
mrna,22
vachina,22
crianças,21
gente,21
Brasil,20
efeitos,19
câncer,18
gripe,17
inoculação,17
novo,16
Astrazeneca,16
genética,16
mortes,16
doses,16
Vachina,16
Pfizer,15
mundo,15
esquema,15
ano,15
Spike,14
causa,14
casos,14
Butantan,13
doenças,13
campanha,13
vida,12
vírus,12
governo,12
grande,12
Ministério Da Saúde,12
falta,12
doença,12
agenda,12
recorde,12
cara,11
spike,11
súbitas,11
climáticas,11
dados,10
médicos,10
maioria,10
Oms,10
pior,10
única,10
filho,10
prevenção,10
gotinha,10
dia,10
mudanças,10
febre,10
calendário,9
sus,9
coisa,9
sistema,9
verdade,9
tipo,9
cidade,9
Rússia,9
cobertura,9
Deus,9
corpo,9
massa,9
Anvisa,9
imunidade,9
uso,9
casa,9
problemas,9
pólio,9
19 anos,9
tratamento,9
população,8
menos,8
registro,8
trombose,8
problema,8
vax,8
conta,8
boa,8
país,8
injetável,8
partir,8
graves,8
amarela,8
colaterais,8
merda,7
longo,7
astrazeneca,7
Amazônia,7
filhos,7
poliomielite,7
estudos,7
segunda,7
Bolsonaro,7
cartão,7
infantil,7
medicamento,7
gênica,7
adolescentes,6
idosos,6
países,6
vez,6
forma,6
nova,6
trabalho,6
morte,6
China,6
Vacinei,6
meta,6
número,6
6 meses,6
fim,6
imunizante,6
aumento,6
sintomas,6
Sp,6
emprego,6
lei,6
homem,6
baixa,6
parte,6
estudo,6
idade,6
injeções,6
globalistas,6
bom,6
prazo,6
coisas,6
experimental,6
Portalr7,5
R7,5
profissionais,5
braço,5
Você,5
liberdade,5
grupos,5
Tomei,5
ivermectina,5
caso,5
anos,5
lista,5
veneno,5
epidemia,5
público,5
saudáveis,5
estado,5
animais,5
testes,5
farsa,5
surto,5
sarampo,5
obrigatoriedade,5
comunista,5
culpa,5
negacionista,5
alta,5
meio,5
sábado,5
estoque,5
milhares,5
primeira,5
municípios,5
social,5
Vax,5
mulheres,5
Leia,5
processo,5
vivo,5
plano,5
global,5
climática,5
empresas,5
mundial,5
estados,5
Trump,5
humanos,5
meses,5
história,5
razão,5
anual,4
presidente,4
macaco,4
resultado,4
chinês,4
2 doses,4
cientistas,4
evidências,4
cabeça,4
Proteína Spike,4
riscos,4
dúvida,4
relação,4
maior,4
povo,4
medo,4
medicação,4
ação,4
guerra,4
imunização,4
menores,4
5 anos,4
diferente,4
vítimas,4
rotina,4
projeto,4
pai,4
última,4
família,4
época,4
consciência,4
geral,4
ponto,4
distribuição,4
últimos,4
Assista,4
pais,4
ideologia,4
importância,4
disponível,4
dinheiro,4
alimentos,4
militar,4
água,4
mudança,4
tempo,4
verme,4
medicina,4
remédio,4
C-19,4
diferentes,4
um ano,4
resultados,4
Eua,4
compulsória,4
prática,4
adversos,4
Sigam,4
informações,4
região,4
terceira,4
cardiologista,4
teoria,4
raiva,4
Dr Peter Mccullough,4
perigosas,4
experimento,4
ovos,4
sangue,4
único,4
elite,3
exemplo,3
pessoa,3
risco,3
vezes,3
forte,3
Vacina,3
menor,3
desenvolvimento,3
danos,3
células,3
importante,3
picadas,3
pacientes,3
europeu,3
cérebro,3
base,3
Rio,3
notícias,3
mentira,3
gestão,3
transmissão,3
tecnologia,3
lula,3
10 anos,3
vídeo,3
livre,3
igual,3
fraude,3
avc,3
feliz,3
humanidade,3
Redução Populacional,3
laboratório,3
ações,3
taxa,3
gestantes,3
passado,3
clínicos,3
Sbtnews,3
gestante,3
Repórterbrasiltarde,3
Usp,3
novas,3
disponíveis,3
locais,3
justiça,3
Vou,3
canal,3
pesquisa,3
capaz,3
objetivo,3
aviso,3
situação,3
G1 Sãojosédoriopreto,3
Saúde,3
vidas,3
aplicação,3
via,3
Mpox,3
emergencial,3
gatos,3
gratuita,3
criança,3
nome,3
resposta,3
produção,3
Fiocruz,3
aborto,3
gênero,3
um mês,3
desmatamento,3
ditadura,3
R,3
hiv,3
causas,3
clima,3
conspiração,3
controle,3
pessoal,3
certo,3
médica,3
mosquito,3
planeta,3
possível,3
paralisia,3
2 meses,3
reação,3
rabo,3
varíola,3
relatório,3
melhor,3
anti,3
chances,3
bons,3
positivo,3
suficiente,3
extras,3
esquerda,3
contas,3
hospital,3
pronto,3
ocidentais,3
neomalthusiana,3
impostos,3
indústria,3
msm,3
brasileiro,3
tadala,3
Lula,3
vítima,3
ferimentos,3
gotinhas,3
coqueluche,3
Bozo,3
esposa,3
olhos,3
bebês,3
excesso,3
preço,3
dias,3
genocida,3
Ribeirão Preto,3
atleta,3
lugar,3
ideias,3
efeito,3
coração,3
normal,3
brasileiros,3
grupo,3
Coronavac,3
adeptos,3
baixo,3
principal,3
política,3
sono,3
final,3
Reino Unido,3
mesmos,3
tio,3
media,3
adesão,3
Jr24h Jornaldarecord,2
antimeningocócica,2
14 anos,2
Meiahora,2
Brasileiros,2
adultos,2
imbecil,2
paises,2
rápidos,2
questão,2
terrorismo,2
Ivermectina,2
3 dias,2
graça,2
surtos,2
vacinei,2
organismo,2
impressionante,2
empresa,2
sequência,2
pontos,2
hora,2
moderna,2
Moderna,2
código,2
pesquisadores,2
longa,2
plaquetas,2
imunológico,2
nanopartículas,2
síndrome,2
dor,2
disfunção,2
consequências,2
fabricantes,2
milhões de pessoas,2
turbo,2
semanas,2
familiares,2
colegas,2
avcs,2
maldito,2
663 mortos,2
banco,2
possíveis,2
experimentação,2
humano,2
um vírus,2
meningite,2
trouxa,2
lixo,2
chineses,2
posto,2
Mato Grosso,2
Dr Zeballos,2
injeção,2
passaporte,2
autoritarismo,2
impossível,2
autistas,2
Nunes,2
secretaria,2
canalhas,2
comunistas,2
adultas,2
direito,2
1ª dose,2
exames,2
real,2
Bill Gates,2
guerras,2
lugares,2
3 meses,2
protocolo,2
arrependimento,2
ciência,2
função,2
negacionismo,2
aceitação,2
estratégia,2
três doses,2
infectologista,2
inédito,2
futuro,2
feminismo,2
oral,2
Vip,2
G1,2
prioritários,2
15 meses,2
malária,2
breve,2
Fortaleza,2
antirrábica,2
área,2
indenização,2
bebê,2
Secretaria Da Saúde,2
fácil,2
dica,2
chave,2
cidades,2
restante,2
sucesso,2
pura,2
bactéria,2
Acordem,2
globalista,2
sofrimento,2
rede,2
motivo,2
órgãos,2
irresponsáveis,2
absurdo,2
grávidas,2
chance,2
pasta,2
300 milhões de doses,2
Rio Preto,2
um exame,2
nível,2
Jornal Extra,2
Alagoas,2
Governo Federal,2
cães,2
coronavirus,2
queimadas,2
meioambiente,2
eficácia,2
próxima,2
Balle,2
doação,2
mudas,2
2 anos,2
auxílio,2
semana,2
terra,2
pautas,2
liberação,2
tétano,2
art,2
maiores,2
tempos,2
reunião,2
total,2
políticas,2
extermínio,2
inflação,2
nazista,2
arte,2
escolas,2
vaselina,2
palavras,2
explosão,2
Dengue,2
insumos,2
aquecimento,2
Bom,2
Pantanal,2
apoiadores,2
Governo,2
frio,2
intenso,2
obrigatória,2
desastres,2
naturais,2
Desgoverno,2
ambiente,2
focos,2
amp,2
parasitas,2
último,2
dólar,2
juros,2
aulas,2
super,2
fatos,2
Instagram,2
minorias,2
sujeito,2
sorte,2
vigilância,2
medidas,2
31 de janeiro,2
Belém,2
Vacina Da Usp,2
promissores,2
genica,2
segurança,2
Quer,2
surpresa,2
lamento,2
Perdi,2
jovens,2
toxicidade,2
contradições,2
censura,2
precoce,2
Zuckerberg,2
extrema,2
direita,2
médico,2
piores,2
claro,2
Soros,2
postagens,2
crítica,2
farmacêutica,2
nações,2
portal,2
Fernando Beteti,2
papel,2
rendimento,2
pele,2
matéria,2
imagina,2
kkkkkkkk,2
respiratório,2
um estudo,2
animal,2
capital,2
seres,2
2 coisas,2
farmacêuticas,2
escala,2
iniciativa,2
data,2
Instituto Butantan,2
aprovação,2
postos,2
eficaz,2
burros,2
certeza,2
famílias,2
transmissíveis,2
gado,2
óbitos,2
respeito,2
medicamentos,2
assunto,2
publicação,2
Me,2
vergonha,2
documentos,2
eventos,2
compra,2
100 mil doses,2
novos,2
campus,2
presente,2
inferno,2
inteiro,2
infecção,2
crônicas,2
cientista,2
750000 brasileiros,2
máscara,2
surgimento,2
comum,2
apresentação,2
hpv,2
horários,2
emergência,2
Dra,2
importantes,2
ensaios,2
prefeitura,2
preocupação,2
pouco,2
análise,2
1 milhão de doses,2
prontas,2
netos,2
relacionada,2
60 anos,2
site,2
poder,2
diversos,2
alimentação,2
sogro,2
João Pessoa,2
saudável,2
Gt,2
setor,2
privado,2
lavagem,2
cerebral,2
confiança,2
raras,2
olho,2
carreira,2
hábitos,2
jovem,2
crise,2
esporte,2
alto,2
início,2
vacinologista,2
verdadeira,2
presença,2
conteúdo,2
Triste,2
grana,2
exame,2
Bh,2
mortais,2
ataques,2
cardíacos,2
corantes,2
ratos,2
corte,2
termo,2
Al,2
Neymar,2
perseguição,2
milionária,2
nacionais,2
vacinados,2
Vaticano,2
moeda,2
20 centavos,2
euro,2
um menino,2
Eucaristia,2
Cristo,2
Atualização Ig,2
marc,2
marcmc,2
miocardite,2
um caso,2
fila,2
especiais,2
Ubs,2
essenciais,2
3 anos,2
ideia,2
favor,2
funções,2
distúrbios,2
demanda,2
Jornaldarecord,2
Ceará,2
gêneros,2
desabastecimento,2
A Ivermectina,2
Vacinas,2
queda,2
Youtube,2
maldita,2
Estado,2
volta,2
militares,2
especialistas,2
gene,2
norte,2
duplo,2
cego,2
Darpa,2
explicação,2
segundo imunizante,2
necessidade,2
Inútil,2
chikungunya,2
anticorpos,2
profissional,2
sorotipo,2
Pergunta,2
edição,2
Diário De Goiás,2
programas,2
odia,2
Sociedade De Pediatria,1
Vacinação Acwy,1
Rio Vacinação Saúde Riodejaneiro,1
Meningite,1
narrativa,1
Eles Não Se Vacinaram,1
um número,1
barbudo,1
alcoolatra,1
top,1
nenhm,1
politico,1
contato,1
dois anos,1
ladainha,1
bichinho,1
Cloroquina,1
curado,1
5 pessoas,1
mesma,1
Morreram,1
nais,1
firme,1
Deus Eu Me Vacinei,1
Rosmello,1
Sariette,1
movimentação,1
Zelena,1
diferença,1
diferenca,1
In My Opinion,1
Tuluá,1
oscar,1
Ceo Da Moderna,1
Stéphane Bancel,1
um detalhe,1
rápido,1
genéticos,1
estrutura,1
focais,1
debate,1
origem,1
tribunal,1
perpetradores,1
fevereiro,1
Jon Fleetwood,1
patente,1
correspondência,1
misteriosa,1
fisiológicos,1
deletérios,1
Eles Observam Na Seção Introdução,1
circulante,1
provável,1
mecanismo,1
deletério,1
ativa,1
endoteliais,1
lipídicas,1
Lnps,1
neurotóxicos,1
zumbido,1
autonômica,1
neuropatia,1
fibras,1
finas,1
epidemiologista,1
Fundação Mccullough Nicolas Hulscher,1
principais,1
Dr Zebalos,1
Ouçam,1
Europa,1
Moro,1
negativa,1
decorrência,1
desculpa,1
direto,1
centenas,1
clientes,1
problemasdois,1
hospitais,1
existe,1
link,1
medio,1
prazos,1
Indenizacoes,1
processos,1
bilionários,1
apoio,1
setembro,1
um pôster,1
anônimo,1
previsões,1
precisas,1
lançamento,1
avisos,1
assustadores,1
milhões de americanos,1
evento,1
segundo relatos,1
Críticos,1
substancias,1
fantasia,1
mente,1
oca,1
tarde,1
bilhões de pessoas,1
redor,1
Janssen,1
porcarias,1
gostoso,1
degradação,1
florestal,1
Pior,1
9 anos,1
Hahahahahahahahahahahahahahahahahahaah,1
Bozoooo,1
crédito,1
estória,1
Lockdown,1
velocidade,1
propagação,1
Índia,1
condições,1
caos,1
15 minutos,1
central,1
leu,1
Bula,1
palestra,1
doutora,1
Maria Emilia Gadelha Serradecember,1
Fabio I,1
investigação,1
francês,1
encerrada,1
acusação,1
Agnès Buzyn,1
Olivier Véran,1
Édouard Philippe,1
secundários,1
50 mil doses,1
psicótico,1
fadiga,1
alteração,1
memóriaveja,1
relato,1
telegram,1
instagram,1
pessima,1
diretrizes,1
menina,1
kkkk,1
antitetânica,1
Alerta Fake News,1
cognitiva,1
alegação,1
respaldo,1
científicas,1
hesitação,1
saúdecomciência,1
Santa Catarinaestado,1
Vagabundo Todos,1
vagabundo,1
Cfm,1
esquerdistas,1
improvável,1
autismo,1
majoritários,1
trigêmeos,1
existentes,1
esmagadora,1
excessão,1
regra,1
caratismo,1
Ninguém,1
Salles,1
um esquerdista,1
eleitor,1
Felipe,1
reportagem,1
obrigatoriamente,1
Confirma,1
máscaras,1
meios,1
pianinho,1
vacinad,1
Envidia,1
arbítrio,1
quatro doses,1
cunhado,1
dois primos,1
três amigos,1
pensamento,1
borro,1
comentarios,1
morbosos,1
urgência,1
gastos,1
altíssimos,1
esquerdista,1
executivos,1
prisão,1
Ocidente,1
visinha,1
25 anos,1
convid,1
um genocida,1
internacional,1
Inimigo,1
Guerra,1
interesse,1
Lucrar Com Armamentos,1
quê,1
Hahaha,1
Emergência Global,1
criminosos,1
bloqueio,1
planetário,1
