vacina,250
gripe,194
saúde,158
vacinação,148
dengue,128
sus,91
aviária,84
Brasil,80
casos,69
Ministério Da Saúde,64
Covid-19,62
vacinas,57
Anvisa,55
pessoas,51
Covid,50
dia,44
governo,41
doença,40
crianças,39
população,37
vírus,35
uso,31
pública,30
tratamento,30
covid,29
programa,29
ano,29
causa,28
semana,27
aumento,27
atendimento,26
pandemia,26
câncer,25
maior,25
doenças,25
Bolsonaro,24
risco,24
campanha,24
país,23
influenza,23
gente,22
sarampo,22
estado,22
mortes,21
Leia,21
prevenção,20
medicamentos,20
combate,20
novos,20
dose,19
coronavírus,19
anvisa,19
Rs,18
vacinal,18
número,18
Saúde,18
tempo,18
sábado,18
dados,17
vida,17
Sus,17
mosquito,17
Aedes,17
fake,17
doses,16
avc,16
criança,16
Fiocruz,16
morte,16
Curitiba,16
café,16
grave,15
granja,15
novas,15
Dengue,15
falta,15
idosos,15
segunda,15
Lula,15
acesso,15
parte,15
febre,15
suspeita,15
aegypti,15
médicos,14
estudo,14
hepatite,14
R,14
capital,14
Alexandre Padilha,14
6 meses,14
atenção,14
emergência,14
Influenza,14
suspeitos,14
G1,14
cobertura,14
nova,14
água,13
novo,13
hpv,13
primeira,13
grande,13
vez,13
meningite,13
ministro,13
hiv,13
meio,13
imunização,13
via,13
caso,13
epidemia,13
próxima,13
riscos,13
casa,13
pneumonia,13
mundo,13
situação,12
foco,12
ações,12
tipo,12
Pfizer,12
adolescentes,12
Estado,12
coisa,12
presidente,12
sintomas,12
dias,12
idade,12
proteção,12
trabalho,11
exame,11
cara,11
povo,11
mrna,11
tuberculose,11
alerta,11
medidas,11
nacional,11
pacientes,11
política,11
comercial,11
cuidado,11
projeto,11
lista,10
útero,10
efeitos,10
fila,10
reforço,10
Eua,10
pais,10
teste,10
momento,10
anos,10
grupo,10
catapora,10
ciência,10
Sistema Único De Saúde,10
cidades,10
profissionais,10
Paraná,10
prefeitura,10
livre,10
venda,10
cidade,10
Alagoas,10
óbitos,10
federal,10
produtos,10
chikungunya,10
amarela,10
medicamento,10
China,10
aves,9
fraude,9
Oms,9
vítimas,9
recursos,9
forma,9
prazo,9
exames,9
graves,9
municípios,9
ministério,9
notícias,9
produção,9
Ceará,9
testes,9
síndrome,9
cuidados,9
mãe,9
três marcas,9
volta,8
sexta,8
clima,8
crise,8
Covid19,8
informações,8
herpes,8
tétano,8
coqueluche,8
filho,8
boa,8
postos,8
importância,8
transmissão,8
serviços,8
especialistas,8
brasileiros,8
obrigatória,8
partir,8
mudanças,8
Gripe Aviária,8
parceria,8
público,8
Sp,8
dor,8
infantil,8
secretário,8
mulher,8
frango,8
vídeo,8
município,8
marca,8
estudos,8
pesquisa,7
previsão,7
Ms,7
artigo,7
merda,7
relação,7
São Paulo,7
lugar,7
pessoa,7
notícia,7
ruim,7
espera,7
zika,7
Brasília,7
cirurgias,7
cpi,7
ministra,7
iniciativa,7
importante,7
dinheiro,7
alta,7
Dia D,7
Minas Gerais,7
brasileiro,7
sistema,7
acordo,7
marcas,7
climáticas,7
fim,7
pai,7
Rio De Janeiro,7
sanitária,7
favor,7
site,7
Rio,7
cartão,7
incidência,7
investigação,7
respiratória,7
Tocantins,7
óbito,7
registro,6
rede,6
equipe,6
enchente,6
filhos,6
adversos,6
melhor,6
redes,6
resultados,6
reações,6
rubéola,6
caxumba,6
meningocócica,6
Hpv,6
alto,6
região,6
grandes,6
Bahia,6
pior,6
Goiânia,6
apoio,6
médico,6
direito,6
pessoal,6
planos,6
Sergipe,6
qualidade,6
contato,6
objetivo,6
Capitalnews,6
viral,6
surto,6
Meiahora,6
baixa,6
responsáveis,6
azeite,6
plano,6
consultas,6
janeiro,6
repelente,6
locais,6
Astrazeneca,6
história,6
menos,6
terapia,6
jovens,6
fiocruz,6
alimentação,6
Es,6
bivalente,6
segurança,6
Aovivo,6
grupos,6
entrevista,6
Bh,6
públicos,6
queimadas,6
verdade,6
colo,6
Goiás,6
conta,6
texto,6
mudança,6
disponível,6
disponíveis,5
farmácias,5
países,5
Portalr7,5
R7,5
Rt,5
Montenegro,5
Samu,5
prováveis,5
tempos,5
única,5
problema,5
corrupção,5
negativo,5
amigo,5
viva,5
hospitais,5
família,5
rotavírus,5
pena,5
comida,5
tríplice,5
áreas,5
importantes,5
animais,5
consulta,5
essencial,5
compromisso,5
unidades,5
2 anos,5
moderna,5
enfrentamento,5
cadeia,5
complicações,5
agenda,5
lei,5
desenvolvimento,5
agilidade,5
confirmação,5
Df,5
Porto Alegre,5
mês,5
Ministério Da Agricultura,5
início,5
possível,5
aftosa,5
compra,5
Médicos,5
vigilância,5
serviço,5
menor,5
Cuiabá,5
importação,5
remédios,5
aplicação,5
imunizante,5
humanos,5
polio,5
assunto,5
decisão,5
infecção,5
Aedes Aegypti,5
lote,5
bom,5
igual,5
sequelas,5
informação,5
imunidade,5
trombose,5
local,5
paralisia,5
nome,5
base,5
super,5
aplicativo,5
indígenas,5
operação,5
índice,5
período,5
proliferação,5
longo,5
Assista,5
medida,5
eficácia,5
Agora Tem Especialistas,5
referência,5
aquecimento,5
prioritários,5
dermatite,5
novidade,5
precoce,5
veto,5
famílias,5
diferente,5
problemas,5
particular,5
Ultimasnoticias,5
digital,5
19 anos,5
focos,5
estados,5
comercialização,5
domingo,5
escolha,5
Vacinação,5
total,5
agência,4
atuação,4
Mg,4
ambulâncias,4
chuvas,4
mudançasclimáticas,4
natureza,4
coronavirus,4
coisas,4
lixo,4
indústria,4
cérebro,4
desinformação,4
farmácia,4
Ubs,4
obrigatoriedade,4
caralho,4
motivo,4
Bcg,4
insumos,4
final,4
braço,4
positivo,4
hepatites,4
fungos,4
pólio,4
diferença,4
adversas,4
bactérias,4
adultos,4
sério,4
época,4
alegre,4
Américas,4
inteiro,4
triste,4
ministros,4
busca,4
audiência,4
sanitários,4
assistência,4
portal,4
necessidade,4
proposta,4
filas,4
tratamentos,4
geral,4
seis meses,4
agentes,4
lado,4
municipal,4
vidas,4
sucesso,4
cabeça,4
7 anos,4
mundial,4
fundamental,4
emergencial,4
poliomielite,4
equipes,4
necessário,4
tema,4
5 anos,4
bula,4
impactos,4
forte,4
coletivo,4
setor,4
Governo Lula,4
clínico,4
diagnóstico,4
controle,4
especial,4
manhã,4
cancer,4
quadro,4
programas,4
lançamento,4
firmes,4
estratégias,4
posto,4
rápido,4
resultado,4
leves,4
próximos,4
difícil,4
última,4
falso,4
ação,4
ponto,4
sanitárias,4
galinha,4
carne,4
escolas,4
sangue,4
inclusão,4
sono,4
um aumento,4
brasileira,4
Governo,4
passado,4
financeiro,4
mulheres,4
abril,4
sustentabilidade,4
the,4
baixo,4
relatório,4
calor,4
microcefalia,4
bebês,4
redução,4
rua,4
Trump,4
prioritário,4
rápidos,4
bairro,4
Srag,4
social,4
mensagens,4
Whatsapp,4
usuários,4
Prefeitura,4
primeiro caso,4
custo,4
infestação,4
massa,4
produto,4
orientação,4
principal,4
Recife,4
maiores,4
paciente,4
contaminação,4
matéria,4
atividades,4
preço,4
autoridades,4
expectativa,4
distribuição,4
global,4
atópica,4
indenização,4
Noarnacbn,4
Agência Nacional De Vigilância Sanitária Anvisa,4
Oropouche,4
tribunapr,4
economia,4
calendário,4
procura,4
último,4
boletim,4
genocídio,4
mercado,4
esquerda,4
presença,4
um surto,4
aguda,4
Marília,4
imunizantes,4
conscientização,4
ovos,4
públicas,4
eletrônicos,4
consumo,4
recusa,4
Amazonas,4
adulto,4
comum,4
amor,4
proteína,4
oferta,4
Palmas,4
moradores,4
vivo,4
primeiros,4
Pará,4
norte,4
Bora,4
jovem,4
números,4
criadouros,4
fique,4
detalhes,3
link,3
brasileiras,3
certo,3
Senado,3
aulas,3
Al,3
sul,3
câmara,3
frente,3
chuva,3
justiça,3
Stf,3
passaporte,3
colaterais,3
Presidente,3
um grupo,3
pesquisadores,3
inoculação,3
caminho,3
vachina,3
ambiente,3
Claro,3
liberdade,3
pfizergate,3
certeza,3
Vacina,3
alunos,3
difteria,3
aids,3
transtornos,3
conspiração,3
últimos,3
Gripe,3
boca,3
bacteriana,3
graça,3
virus,3
crises,3
caras,3
chinês,3
loja,3
tecnologia,3
pau,3
meios,3
Inss,3
menores,3
terapias,3
regra,3
medicação,3
opção,3
carteira,3
atendimentos,3
gestão,3
Procure,3
posts,3
superior,3
Pl,3
respeito,3
salas,3
fácil,3
pontos,3
prefeituras,3
avós,3
máscara,3
privados,3
recorde,3
exemplo,3
enchentes,3
Parabéns,3
vitória,3
fruto,3
guerra,3
Nísia,3
área,3
Mais Médicos,3
Rn,3
castração,3
Rio Branco,3
um golpe,3
residência,3
Rj,3
Campanha,3
certificado,3
preventivas,3
irregular,3
responsável,3
Confira,3
alimentos,3
Idest,3
trabalhador,3
internacional,3
A Anvisa,3
pontífice,3
cepa,3
regiões,3
mosquitos,3
botox,3
Sc,3
coluna,3
primeiras,3
quente,3
ecologia,3
poluição,3
tabaco,3
coletiva,3
foda,3
possibilidade,3
curto,3
Zika,3
único,3
Estados Unidos,3
básico,3
jornal,3
fio,3
populacional,3
Pt,3
genética,3
transporte,3
adolescente,3
enorme,3
unidade,3
um país,3
deputada,3
show,3
Prep,3
Sars-cov-2,3
Sarscov,3
variante,3
rna,3
relacionados,3
srag,3
culpa,3
mesma,3
Presidente Lula,3
semanas,3
caixa,3
contínuo,3
apreensão,3
toxina,3
filha,3
reportagem,3
noarnacbn,3
País,3
deputado,3
Governo Federal,3
claro,3
noite,3
gastos,3
próprio,3
amigos,3
Minha,3
renal,3
sociedade,3
avanços,3
Farmácia Popular,3
Santa Catarina,3
adoção,3
programação,3
desafios,3
fase,3
entidades,3
sistemas,3
contingência,3
completo,3
oral,3
urgente,3
recolhimento,3
Minas,3
bala,3
Eptv,3
doente,3
terça,3
divulgação,3
remédio,3
executivo,3
Fortaleza,3
palavra,3
Vamos,3
luta,3
Amazônia,3
morador,3
seca,3
raiva,3
ambientais,3
faixa,3
narrativa,3
idoso,3
absurdo,3
Fantástico,3
pneumocócica,3
um ano,3
respiratórias,3
administração,3
histórico,3
órgão,3
Rio Grande Do Sul,3
jornalismo,3
profissional,3
documentos,3
tipos,3
pele,3
internação,3
escola,3
deficiência,3
Tvcultura,3
tosse,3
órfãos,3
Maceió,3
fato,3
cabelo,3
biológico,3
G1 G1centrooeste,3
Gt Gt,3
estrutura,3
série,3
cigarros,3
edital,3
internacionais,3
agendamento,3
campanhas,3
governador,3
Gt G1,3
Globonews,3
lesões,3
João Pessoa,3
burros,3
Pernambuco,3
pesquisas,3
indicação,3
Febre Oropouche,3
15 anos,3
trabalhadores,3
papel,3
empresas,3
10 anos,3
homens,3
maio,3
Amazônico,3
60 dias,3
4 anos,3
hemorrágica,3
demanda,3
leia,3
70 anos,3
bebida,3
identificação,3
um ato,3
Divinópolis,3
turma,3
bosta,3
caderneta,3
melhoras,3
Spike,3
gnt,3
virais,3
pressas,3
Amanhã,3
privada,3
las,3
extremo,3
mensagem,3
atento,3
galera,3
internações,3
infecções,3
Vacinas,3
12 casos,3
3 marcas,3
Teresina,3
Relações Institucionais,3
compras,2
sim,2
provas,2
contido,2
envio,2
educação,2
comprovante,2
organização,2
Ministério Da Saúde Que,2
congresso,2
Tomei,2
obra,2
Deus,2
método,2
Pf,2
química,2
negócio,2
perguntas,2
visto,2
gasolina,2
eventos,2
Johnson,2
amp,2
veneno,2
farmacêutica,2
chocante,2
Audiência Pública,2
palestras,2
nacionais,2
envolvidos,2
ponta,2
máscaras,2
Ministro,2
Atualizada,2
hipocrisia,2
Nico,2
momentos,2
dst,2
bucal,2
estadual,2
cerebral,2
enfermidades,2
teorias,2
Pra,2
poliomelite,2
pequeno,2
Vacinei,2
burra,2
completa,2
idiota,2
preciso,2
inflamação,2
membranas,2
medula,2
espinhal,2
fatal,2
papilomavirus,2
medo,2
monstro,2
privatização,2
frase,2
primo,2
surtos,2
Estado De São Paulo,2
leishmaniose,2
chagas,2
óbvio,2
complexo,2
evento,2
mídia,2
funcionamento,2
odontológico,2
clínicas,2
caros,2
zona,2
bebê,2
âmbito,2
um plano,2
Ney Leprevost,2
24 horas,2
básica,2
um posto,2
Ministro Alexandre Padilha,2
passagem,2
senador,2
homem,2
futebol,2
Doria,2
irresponsabilidade,2
São Luís,2
ordem,2
prioridade,2
higiene,2
empenho,2
sociais,2
10 dias,2
isolamento,2
apelo,2
relevância,2
questão,2
Congresso Nacional,2
assuntos,2
pronunciamento,2
assédio,2
encontro,2
produtivo,2
aglomeração,2
vergonha,2
Iof,2
pura,2
