ID,Título,Sub Título,Texto,Autor,Data Criação,URL
1,"Ato com Bolsonaro na Paulista a favor da anistia reúne cerca de 44,9 mil manifestantes, segundo metodologia da USP",Método usado pelo Monitor do Debate Político do Cebrap e pela ONG More In Common utiliza imagens da multidão capturadas por drones. Entenda como foi feita a contagem.,"O ato com o ex-presidente Jair Bolsonaro (PL) na Avenida Paulista neste domingo (6) a favor da anistia aos envolvidos nos ataques de 8 de janeiro reuniu cerca de 44,9 mil manifestantes, segundo metodologia do Monitor do Debate Político do Cebrap em parceria com a ONG More in Common, que consiste em usar imagens da multidão, capturadas por drones.


A contagem foi feita no momento de pico da manifestação, às 15h44, a partir de fotos aéreas analisadas com software de inteligência artificial.


Há 3 semanas, uma outra manifestação, no Rio de Janeiro, também convocada por Bolsonaro e aliados, reuniu cerca de 18,3 mil pessoas, segundo a mesma metodologia.


Entenda como foi feita a contagem:

Foram tiradas fotos em três diferentes horários (14:05, 14:42 e 15:44), totalizando 47 imagens.


Nove fotos tiradas às 15:44, momento de pico da manifestação, foram selecionadas para a contagem.


A imagem cobriu toda a extensão da manifestação em três diferentes pontos de concentração na Avenida Paulista.


Para o cálculo da multidão, foi utilizado o método Point to Point Network (P2PNet), desenvolvido por pesquisadores da Universidade de Chequião, na China, e pela empresa Tencent. O software foi treinado com um dataset anotado de fotos de multidões da Universidade de Xangai e outro com imagens brasileiras da Universidade de São Paulo.


No método, um drone captou imagens aéreas da multidão e o software analisou automaticamente essas imagens para identificar e marcar as cabeças das pessoas.


Utilizando inteligência artificial, o sistema localizou cada indivíduo e calculou quantos pontos correspondiam a pessoas na imagem. Esse processo garantiu uma contagem precisa, mesmo em áreas densas.


O método possui uma precisão de 72,9% e uma acurácia de 69,5% na identificação de indivíduos.


O erro percentual absoluto médio na contagem é de 12%, para mais ou para menos, em imagens aéreas com mais de 500 pessoas.


DO ALTO: Imagens aéreas mostram ato na Paulista


Como foi o ato
Além de Bolsonaro, estavam presentes na manifestação o governador de São Paulo, Tarcísio de Freitas (Republicanos); o de Minas Gerais, Romeu Zema (Novo); o do Paraná, Ratinho Junior; o do Amazonas, Wilson Lima; o de Goiás, Ronaldo Caiado (União Brasil); o de Mato Grosso, Mauro Mendes (União Brasil); e o de Santa Catarina, Jorginho Mello (PL).


O protesto começou em torno das 14h. Houve discursos com críticas ao Supremo Tribunal Federal (STF) e a favor do projeto de lei em tramitação na Câmara que concede anistia a condenados pelos atos antidemocráticos, como a cabeleireira Débora Rodrigues Santos, presa por ter pichado com um batom a estátua ""A Justiça"". O ataque às instituições da República foi o maior desde que o Brasil voltou a ser uma democracia.


Por volta das 15h40, Jair Bolsonaro discursou e pediu anistia para os presos pelos atos golpistas. O ex-presidente criticou ainda o fato de estar inelegível por ter apenas ""se reunido com embaixadores"", mas disse que ""eleições em 2026 sem Jair Bolsonaro é negar a democracia, é escancarar a ditadura no Brasil"".


Em junho de 2023, o Tribunal Superior Eleitoral (TSE) condenou Bolsonaro à inelegibilidade até 2030 por abuso de poder político e uso indevido dos meios de comunicação.


No mês passado, a Primeira Turma do STF decidiu por unanimidade tornar réus o ex-presidente Bolsonaro e mais sete aliados por tentativa de golpe em 2022. Agora, os acusados passarão a responder a um processo penal — que pode levar a condenações com penas de prisão.


Maioria dos brasileiros é contra anistia


Pesquisa Quaest divulgada neste domingo mostra que 56% dos brasileiros são contrários à anistia aos envolvidos nos ataques de 8 de janeiro de 2022, enquanto 34% defendem que o grupo seja solto (ou porque a prisão nem deveria ter ocorrido, ou porque já está preso há tempo demais). O restante (10%) não sabia ou não respondeu.


O levantamento, encomendado pela Genial Investimentos, considerou as respostas das 2.004 pessoas entrevistadas, entre 27 e 31/03. O nível de confiabilidade é de 95%, e a margem de erro, de 2 pontos.
",Redação TV Globo e g1 SP,06/04/2025 18:11,https://g1.globo.com/sp/sao-paulo/noticia/2025/04/06/ato-com-bolsonaro-na-paulista-a-favor-da-anistia-reune-cerca-de-449-mil-manifestantes-segundo-metodologia-da-usp.ghtml
2,"Para USP, 45 mil pessoas foram a ato de Bolsonaro; PM não divulgou número",Ex-presidente reuniu aliados políticos e apoiadores em manifestação em São Paulo neste domingo (6),"O ato com o ex-presidente Jair Bolsonaro (PL) e diversos aliados na Avenida Paulista, realizado em São Paulo neste domingo (6), reuniu 44,9 mil pessoas, segundo estimativa do Monitor do Debate Político no Meio Digital do Cebrap e da ONG More in Common, sob a coordenação de especialistas da Universidade de São Paulo (USP). A margem de erro é de 5,4 mil pessoas, para mais ou para menos.


Segundo os pesquisadores responsáveis, a contagem foi feita a partir de fotos aéreas analisadas com software de inteligência artificial às 15h44 — momento de pico da manifestação.


Considerando a margem de erro, o número coincide com o levantamento divulgado pelo Datafolha que, no momento de pico do evento — durante a fala do ex-presidente — contabilizou 55 mil pessoas na Paulista.


Procurada pela CNN, a Polícia Militar de São Paulo informou que não divulgará estimativa de público presente.


No protesto em Copacabana, no Rio de Janeiro, há três semanas, que também teve como mote a defesa da anistia para envolvidos nos atos do 8 de Janeiro, o monitoramento da USP contabilizou 18,3 mil pessoas. Na ocasião, a Polícia Militar do Rio de Janeiro (PMERJ) contou “mais de 400 mil pessoas”.


Diversas autoridades, incluindo sete governadores, senadores e deputados federais, participaram da manifestação em São Paulo nesta tarde.


Durante o ato, o ex-presidente, dentre outros assuntos, defendeu o projeto de lei (PL) da anistia e falou sobre as eleições de 2026.


Inelegível até 2030 por decisão do Tribunal Superior Eleitoral (TSE), Bolsonaro disse que “eleições em 26 sem Jair Bolsonaro é negar a democracia, é escancarar a ditadura no Brasil. Se o voto é obra da democracia, a contagem pública do mesmo se faz necessária”.
",Renata Souza,06/04/2025 17:35,https://www.cnnbrasil.com.br/politica/45-mil-pessoas-foram-a-ato-de-bolsonaro-na-paulista-pm-nao-divulgou-numero/
3,O maior feito de Bolsonaro na manifestação da Avenida Paulista,Evento foi realizado no último domingo 6,"Do ponto de vista da presença de público, o comício de Jair Bolsonaro na Avenida Paulista pode ser classificado como um empate técnico. Não repetiu o fracasso de Copacabana, tampouco reuniu uma multidão tão grande quanto à dos eventos protagonizados por ele nos últimos anos. As estimativas do número de apoiadores presentes no domingo 6 variam de 44.900 (levantamento feito pelo Monitor do Debate Político no Meio Digital do Cebrap e pela ONG More in Common) a 55.000 pessoas.

Dentro de uma visão mais otimista dos organizadores, foi um sucesso, considerando-se que o tom dos discursos está se repetindo e que a pauta da anistia está longe de ser uma unanimidade no país. Outro fator comemorado pelos bolsonaristas é a incapacidade demostrada pela esquerda em levar a mesma quantidade de gente às ruas.

Além de atrair uma quantidade de público respeitável, o último evento da Paulista mostrou pela primeira vez um ensaio de uma união de políticos à direita, algo fundamental para as pretensões eleitorais da oposição para 2026. A grande foto do evento para os bolsonaristas foi a imagem do ex-presidente rodeado por sete governadores: Tarcísio de Freitas (SP), Romeu Zema (MG), Ratinho Júnior (PR), Wilson Lima (AM), Jorginho Mello (SC), Mauro Mendes (MT) e Ronaldo Caiado (GO). O palanque contaria ainda com Claudio Castro (RJ), que cancelou de última hora a vinda para São Paulo em razão das enchentes ocorridas no seu estado. 

Esse grupo de governadores tem quatro presidenciáveis: Tarcísio, Zema, Ratinho e Caiado. O governador paulista é o herdeiro natural do ex-presidente e, por isso, é o que tem abraçado de forma mais firme as pautas mais caras ao bolsonarismo. Os outros procuram ser mais cautelosos nessa questão, mas deram inegavelmente um passo adiante ao marcar presença na manifestação, que era fundamental para o capitão mostrar força popular e política.

É quase impossível um candidato de direita chegar forte a 2026 sem o apoio de Jair Bolsonaro. Tarcísio parece cada vez mais em campanha ao Palácio do Planalto, embora negue publicamente essa intenção. Caiado lançou a pré-candidatura pelo União Brasil, e Ratinho Júnior pode fazer isso dentro de poucos meses, a depender se os acenos de apoio a esse projeto de Gilberto Kassab, o cacique do seu partido, o PSD, são mesmo para valer. Zema, por sua vez, aumentou nos últimos meses o tom de críticas ao governo federal, mostrando que não quer ficar de fora do jogo.

A foto dos governadores de oposição ao lado de Bolsonaro mostra o potencial de uma possível aliança de direita para 2026. O grupo pode ter mais de um candidato no primeiro turno de 2026, mas dificilmente não irá marchar junto na rodada final dessas eleições. As recentes pesquisas mostrando a popularidade de  Lula em baixa (a exceção foi o último levantamento do Datafolha) indicam que, confirmada essa tendência, a oposição pode chegar bastante competitiva ao pleito, até mesmo com um certo favoritismo. 

As vaidades e pretensões dos governadores do bloco podem representar ainda um empecilho, mas, inegavelmente, o grande obstáculo a ser superado será o papel de Bolsonaro. Ele terá que desistir em algum momento de manter seu nome como candidato, assumindo o papel de articulador político, algo que o capitão nunca fez em sua carreira.",Sergio Ruiz Luz,07/04/2025 09:51,https://veja.abril.com.br/coluna/maquiavel/o-maior-feito-de-bolsonaro-na-manifestacao-da-avenida-paulista/
4,"Ato de Bolsonaro reúne 44,9 mil na Avenida Paulista, calcula pesquisa da USP","Número é mais que o dobro da última manifestação realizada pelo ex-presidente no Rio, que reuniu 18,3 mil pessoas, mas empatado dentro da margem de erro com o ato de 2024","A manifestação realizada na tarde deste domingo pelo ex-presidente Jair Bolsonaro (PL) e o pastor Silas Malafaia na Avenida Paulista, em São Paulo, reuniu 44,9 mil pessoas. O número é um cálculo feito com base em imagens aéreas pelo grupo de pesquisa ""Monitor do debate político"" do Centro Brasileiro de Análise e Planejamento (Cebrap), coordenado por Pablo Ortellado e Márcio Moretto, da Universidade de São Paulo (USP), e pela ONG More in Common. A margem de erro do levantamento é de 5,4 mil pessoas para mais ou para menos.

A marca é mais que o dobro da aferição do ato realizado em Copacabana, no Rio de Janeiro, no 16 de março, que chegou a 18,3 mil participantes. A contagem foi realizada no horário considerado ápice da manifestação, às 15h44, a partir de fotos aéreas analisadas com o auxílio de inteligência artificial.

O mote da manifestação é pela anistia dos condenados pelo 8 de Janeiro, projeto de lei na Câmara defendido por parlamentares do PL e ainda sem previsão de ser pautado pelo presidente da Casa, Hugo Motta (Republicanos-PB).

Em 07 de setembro de 2022, também na Praia de Copacabana, o grupo de pesquisadores da USP e do Cebrap calculou um encontro de 64,6 mil manifestantes, um patamar que é cinco vezes maior do que aferido em março. No mesmo dia, uma manifestação na Av. Paulista reuniu 32,6 mil pessoas.

Apesar de significativamente superior ao público registrado no último ato no Rio, a presença de apoiadores do ex-presidente foi bem inferior ao registrado na mesma Av. Paulista em fevereiro de 2024, quando 185 mil pessoas apoiaram Bolsonaro em ato em meio às investigações da PF por suposta tentativa de golpe.
Ato de Bolsonaro a favor da anistia reúne 44,9 mil na Avenida Paulista
Como foi feito o cálculo

Para o cálculo da multidão presente no ato, foi utilizado o método Point to Point Network (P2PNet), desenvolvido por pesquisadores da Universidade de Chequião, na China. Para a análise deste domingo, foram tiradas fotos em três diferentes horários (14:05, 14:42 e 15:44), totalizando 47 imagens. As nove fotos selecionadas para a contagem foram tiradas às 15:44, momento de pico da manifestação.

Depois disso, um software é usado para identificar e marcar automaticamente as cabeças das pessoas. Usando inteligência artificial, o sistema localiza cada indivíduo e conta quantos pontos aparecem na imagem. Segundo os pesquisadores, esse processo garante uma contagem precisa, mesmo em áreas densas.

O método atualmente possui uma precisão de 72,9% e uma acurácia de 69,5% na identificação de indivíduos. Na contagem de público, o erro percentual absoluto médio é de 12%, para mais ou para menos, em imagens aéreas com mais de 500 pessoas.
Veja o público das manifestações bolsonaristas, segundo pesquisadores da USP:

18,3 mil em 16 de março de 2025 - Protesto de apoiadores de Bolsonaro em Copacabana. Foi marcado pelo pedido de anistia condenados pelo 8 de Janeiro

45,7 mil em 7/09 de 2024 - Protesto de apoiadores de Bolsonaro na Av. Paulista, em São Paulo. O ato pediu o impeachment de Alexandre de Moraes e teve público abaixo do esperado.

32,7 mil em 21/4 de 2024- Ato em Copacabana no feriado de Tiradentes. Foi marcado por falas de cunho religioso e ataques a Lula.

185 mil em 25/02 de 2024 - Ato na Av. Paulista. Evento foi em apoio a Bolsonaro, em meio às investigações da PF por suposta tentativa de golpe.

32,6 mil em 7/09 de 2022 - Manifestação na Av. Paulista convocada por Bolsonaro para impulsionar a campanha à reeleição ao Planalto.

64,6 mil em 7/09 de 2022 - Manifestação em Copacabana, no Rio. O ato em homenagem ao Bicentenário da Independência virou evento de campanha à reeleição.",O Globo - Política,06/04/2025 16:47,https://oglobo.globo.com/politica/noticia/2025/04/06/ato-de-bolsonaro-reune-449-mil-na-avenida-paulista-calcula-pesquisa-da-usp.ghtml
5,"Ato de Jair Bolsonaro por anistia reúne 44,9 mil na Avenida Paulista, aponta Monitor da USP","Estimativa de público foi produzida a partir de fotos aéreas feitas com drone em vários momentos da manifestação; após fracasso em Copacabana, bolsonaristas evitaram falar em números","O ex-presidente Jair Bolsonaro (PL) reuniu cerca de 44,9 mil apoiadores na Avenida Paulista, em São Paulo, neste domingo, 6, para pedir o perdão político aos condenados pela invasão às sedes dos Três Poderes, em 8 de janeiro de 2023.

A estimativa é do Monitor do Debate Público do Meio Digital, da Universidade de São Paulo (USP), que fez o levantamento a partir de fotos aéreas do momento de pico da manifestação, durante o discurso de Bolsonaro, que iniciou cerca de 15h44 e durou 25 minutos.

Em fevereiro do ano passado, quando Bolsonaro também foi à Paulista pedir anistia aos presos do 8 de Janeiro, o ex-presidente reuniu cerca de 185 mil manifestantes, conforme a mesma contagem da USP. Já a Secretaria de Segurança Pública (SSP) estimou 600 mil pessoas presentes. Neste ano, tanto a Secretaria como a Polícia Militar informaram que não haverá estimativa de público.

Em setembro do ano passado, pedindo o impeachment do ministro Alexandre de Moraes, do Supremo Tribunal Federal (STF), Bolsonaro pôs na Avenida, principal de São Paulo, cerca de 45 mil pessoas — somente um quarto da manifestação anterior, de fevereiro.

Veja a evolução do público nos atos bolsonaristas:
Fevereiro de 2024, em São Paulo - 185 mil
Setembro de 2024, em São Paulo - 45 mil
Março de 2025 - no Rio de Janeiro - 18,3 mil
Abril de 2025, em São Paulo - 44,9 mil

Após o ato esvaziado no mês passado, em Copacabana, no Rio, em que o mesmo grupo de pesquisa estimou um público de 18,3 mil pessoas, os bolsonaristas evitaram falar sobre a expectativa de manifestantes em São Paulo. Na ocasião, Bolsonaro e os organizadores aguardavam um milhão de pessoas para o ato, que contou com menos de 2% disso. Em 2022, quando ainda era presidente e estava em campanha pela reeleição, ele reuniu 64,6 mil pessoas no Rio em 7 de setembro.

A quantidade de público, entretanto, é crucial para medirem o apoio popular que o projeto de anistia aos golpistas condenados consegue angariar para avançar na Câmara dos Deputados. Segundo o Placar da Anistia do Estadão, mais de um terço dos 513 parlamentares da Casa apoia o perdão.

Segundo o relatório da USP, um software analisou imagens tiradas com drone, identificando e marcando as cabeças das pessoas, o que automatiza a contagem. “Foram tiradas fotos em três diferentes horários (14:05, 14:42 e 15:44), totalizando 47 imagens. As nove fotos selecionadas para a contagem foram tiradas às 15:44, momento de pico da manifestação. A imagem cobriu toda a extensão da manifestação em três diferentes pontos de concentração na Avenida Paulista”, diz o relatório.

O ato foi marcada por referências à cabeleireira Débora Rodrigues dos Santos, que pichou “perdeu, mané” na estátua que simboliza a Justiça, em frente ao STF, com batom. Moraes propôs uma pena de 14 anos de prisão para ela, que foi para prisão domiciliar e responde ao processo em liberdade desde o mês passado.

Bolsonaro, que há duas semanas se tornou réu por tentativa de golpe de Estado em 2022, também seria beneficiado com o perdão político, mas coloca em primeiro plano a defesa das “velhinhas com bíblia na mão” e “pessoas humildes” que estão presas responsabilizadas pela invasão.

O apelo, entretanto, não surte efeito na maioria dos brasileiros. Segundo a pesquisa Genial/Quaest divulgada neste domingo, 6, 56% dos entrevistados disseram preferir que os envolvidos no 8 de Janeiro continuem presos, contra 34% que defendem sua soltura.

Também são maioria os brasileiros que consideram justa a decisão do Supremo em tornar Bolsonaro réu pela trama golpista: 52% dos entrevistados disseram concordar com o ato do STF, enquanto 36% acham que a decisão foi injusta.

Durante a manifestação, com paródias sertanejas e ao estilo “pancadão”, a máxima de que “não houve golpe” foi repetida incansavelmente pelos políticos que discursaram. Segundo a Quaest, somente 1% dos entrevistados respondeu a pesquisa negando a existência de uma tentativa de golpe.","Karina Ferreira, Pedro Augusto Figueiredo, Caio Possati e Vinícius Valfré",06/04/2025 16:49,https://www.estadao.com.br/politica/ato-de-jair-bolsonaro-por-anistia-reune-mil-na-avenida-paulista-monitor-usp-nprp/?srsltid=AfmBOopjKBfNE0yTY7SgZpbQU61d-Vy42yfAGGZHT_2eVpN0eJ24pSji
6,Imagens aéreas mostram ato na Avenida Paulista a favor da anistia aos condenados do 8 de janeiro,"Em seu discurso, o ex-presidente Jair Bolsonaro, que havia convocado o protesto, pediu anistia aos presos pelos atos golpistas.","Imagens aéreas mostram o ato na Avenida Paulista realizado neste domingo (6) a favor da anistia aos condenados nos ataques de 8 de janeiro em Brasília, o maior ataque às instituições da República desde que o Brasil voltou a ser uma democracia.

A manifestação reuniu cerca de 44,9 mil pessoas, segundo a metodologia utilizada pela Universidade de São Paulo (USP) em parceria com o Cebrap e a ONG More in Commom, que consiste em usar imagens da multidão, capturadas por drones.

A contagem foi feita no momento de pico da manifestação, às 15h44, a partir de fotos aéreas analisadas com software de inteligência artificial.

Há 3 semanas, uma outra manifestação, no Rio de Janeiro, também convocada por Bolsonaro e aliados, reuniu cerca de 18,3 mil pessoas, segundo a mesma metodologia.

O protesto começou por volta das 14h. Houve discursos com críticas ao Supremo Tribunal Federal (STF) e em defesa do projeto de lei em tramitação na Câmara que concede anistia aos condenados pelos atos antidemocráticos.

Do alto do trio, a ex-primeira-dama Michelle Bolsonaro pediu uma ""anistia humanitária"", segurando um batom na mão, saiu em defesa da cabeleireira Débora Rodrigues Santos, presa por ter pichado com um batom a estátua ""A Justiça"", em Brasília.

Vários manifestantes, vestidos de verde e amarelo, também levavam nas mãos batons e alguns até batons infláveis em referência ao caso da pichadora, que virou símbolo da direita no seu discurso de que sofre perseguição. O PL já cogita lançá-la a deputada no ano que vem.

Débora é ré no STF não só pela pichação com os dizeres ""perdeu, mané"", mas também por ter aderido, segundo a Procuradoria-Geral da República, ao movimento golpista desde o fim das eleições de 2022. Ela é suspeita também de apagar provas, obstruindo o trabalho de investigadores e da Justiça.

Discurso de Bolsonaro
Por volta das 15h40, Jair Bolsonaro discursou e pediu anistia para os presos pelos atos golpistas. Fez críticas ao STF e ao presidente Lula. Ele lembrou ainda quando viajou aos Estados Unidos dias antes do fim do seu mandato e disse que, se não fosse isso, teria sido preso em 8 de janeiro ""e estaria apodrecendo até hoje ou até assassinado"".

Bolsonaro também citou o filho Eduardo Bolsonaro, que se licenciou do mandato de deputado federal e se mudou para os Estados Unidos alegando perseguição política.

""Tenho esperança que de fora venha alguma coisa para cá"", afirmou, acrescentando que Eduardo ""tem contato com pessoas importantes do mundo todo e está lá nos EUA"", mas sem dar detalhes. Um dos aliados de quem a família Bolsonaro busca apoio é o presidente americano, Donald Trump.

O ex-presidente criticou ainda o fato de estar inelegível por ter apenas ""se reunido com embaixadores"", mas disse que ""eleições em 2026 sem Jair Bolsonaro é negar a democracia, é escancarar a ditadura no Brasil"".

Em junho de 2023, o Tribunal Superior Eleitoral (TSE) condenou Bolsonaro à inelegibilidade por 8 anos, por abuso de poder político e uso indevido dos meios de comunicação.

A Justiça Eleitoral entendeu que a reunião com embaixadores estrangeiros, no Palácio da Alvorada, teve uso eleitoral. No encontro, Bolsonaro fez afirmações sem provas sobre o sistema eleitoral brasileiro. O encontro, ocorrido em julho de 2022, foi transmitido pela TV oficial do governo. Com a decisão, a Corte Eleitoral determinou que o ex-presidente fique fora das urnas por 8 anos, até 2030.

Além de Bolsonaro, estavam presentes na manifestação sete governadores: o de São Paulo, Tarcísio de Freitas (Republicanos); o de Minas Gerais, Romeu Zema (Novo); o do Paraná, Ratinho Junior; o do Amazonas, Wilson Lima; o de Goiás, Ronaldo Caiado (União Brasil); o de Mato Grosso, Mauro Mendes (União Brasil); e o de Santa Catarina, Jorginho Mello (PL).

Bolsonaro é réu por tentativa de golpe
No mês passado, a Primeira Turma do STF decidiu por unanimidade tornar réus o ex-presidente Bolsonaro e mais sete aliados por tentativa de golpe em 2022. Agora, os acusados passarão a responder a um processo penal — que pode levar a condenações com penas de prisão.

Maioria dos brasileiros é contra anistia
Pesquisa Quaest divulgada neste domingo mostra que 56% dos brasileiros são contrários à anistia aos envolvidos nos ataques de 8 de janeiro de 2022, enquanto 34% defendem que o grupo seja solto (ou porque a prisão nem deveria ter ocorrido, ou porque já está preso há tempo demais). O restante (10%) não sabia ou não respondeu.

O levantamento, encomendado pela Genial Investimentos, considerou as respostas das 2.004 pessoas entrevistadas, entre 27 e 31/03. O nível de confiabilidade é de 95%, e a margem de erro, de 2 pontos.",Redação TV Globo e g1 SP,06/04/2025 17:00,https://g1.globo.com/sp/sao-paulo/noticia/2025/04/06/imagens-aereas-mostram-ato-na-avenida-paulista-a-favor-da-anistia-aos-condenados-do-8-de-janeiro.ghtml
7,A estimativa de público de ato de Bolsonaro na Avenida Paulista,"Dados do Monitor do Debate Político no Meio Digital e da More in Common apontam que ato em SP teve 2,5 vezes mais pessoas que o de Copacabana","A manifestação liderada pelo ex-presidente Jair Bolsonaro neste domingo 6, na Avenida Paulista, reuniu 44.900 pessoas, de acordo com levantamento feito pelo Monitor do Debate Político no Meio Digital do Cebrap (Centro Brasileiro de Análise e Planejamento) e pela ONG More in Common.

O grupo analisa imagens de drone feitas sobre o local da manifestação e, com base nisso, constrói uma estimativa de número de presentes. A margem de erro do estudo é de 5.400 pessoas para mais ou para menos. O mesmo grupo concluiu que no ato de Copacabana, em 16 de março, havia 18.300 pessoas. A manifestação deste domingo teve aproximadamente 2,5 vezes mais pessoas, diferença perceptível a olho nu.

Esse foi o primeiro grande ato de Bolsonaro depois de ter sido colocado no banco dos réus pelo Supremo Tribunal Federal (STF), caso em que corre o risco de ser condenado e ficar de fora da vida política em definitivo.

O tema principal do ato era o pedido por anistia das pessoas condenadas pelo ato do 8 de Janeiro, mas também foi uma demonstração de força política de Bolsonaro. Mesmo inelegível, ele pretende lançar sua candidatura em 2026 na pendência de recursos judiciais, apostando em um TSE que será presidido pelos ministros Nunes Marques e André Mendonça, que foram indicados por ele.

Bolsonaro esteve ladeado de governadores que são bastante cotados para sucedê-lo — como Ronaldo Caiado (GO), Tarcísio de Freitas (SP), Romeu Zema (MG) e Ratinho Jr. (PR) — e voltou a atacar o STF, dizendo que a Corte teria arquitetado um “golpe” contra ele, em suposto conluio com o presidente Luiz Inácio Lula da Silva, em 2022.

Além de subir o tom contra a Corte e seus ministros, o ex-presidente também mencionou supostos planos para matá-lo e negou que pretenda sair do país, mas disse que, se não tivesse ido aos EUA no fim de 2022, estaria preso por conta do 8 de Janeiro.",Isabella Alonso Panho,06/04/2025 17:34,https://veja.abril.com.br/coluna/maquiavel/a-estimativa-de-publico-de-ato-de-bolsonaro-na-avenida-paulista/
8,"Em ato, Bolsonaro pouco cita anistia e defende sua candidatura em 2026",,"O ex-presidente Jair Bolsonaro (PL) falou hoje em manifestação na avenida Paulista em defesa da anistia dos envolvidos nos atos de 8 de Janeiro, onde reciclou a declaração que fez quando se tornou réu por tentativa de golpe de Estado e disse que violação à democracia foi sua derrota na eleição de 2022.

O que aconteceu?
Apesar da temática do evento ser o perdão aos acusados de participarem dos atos golpistas, Bolsonaro pouco falou sobre o assunto nos quase 25 minutos em que discursou. Na maior parte do tempo, o ex-presidente defendeu a própria inocência e uma eventual candidatura nas próximas eleições. ""Eleições 2026 sem Jair Bolsonaro é negar a democracia, escancarar a ditadura no Brasil. Se o voto é a alma da democracia, a contagem pública do mesmo se faz necessária"", afirmou.

O voto no Brasil é seguro e auditável, como já mostraram relatórios do TSE (Tribunal Superior Eleitoral) e TCU (Tribunal de Contas da União). Desde 1996, início da utilização da urna eletrônica, nunca houve fraude comprovada.

Ex-presidente também disse que não houve ""ato preparatório"" para um eventual golpe, apesar de já ter admitido que ""discutiu hipóteses"" com militares. ""O primeiro movimento para um estado de sítio, de defesa, é convocar os conselhos. Nenhum conselho foi convocado, então, nem ato preparatório houve"", declarou. 

""Só um psicopata para falar que aquilo que aconteceu no dia 8 de janeiro foi uma tentativa armada de um golpe militar"", disse Bolsonaro. Para ele, golpe foi a eleição de seu adversário, o atual presidente Lula (PT). ""O golpe foi dado, tanto é que o candidato deles está lá"", disse. ""Vamos falar quem deu o golpe: quem tirou Lula da cadeia? [...] Quem descondenou o Lula para ele fugir da Lei da Ficha Limpa e se tornar candidato?"".

Ato teve 1/4 da participação de manifestação de 2024
Segundo estimativa do Monitor do Debate Político, vinculado à USP e ao Cebrap, ato reuniu 45 mil pessoas. A contagem foi feita no momento de pico da manifestação, às 15h44, a partir de fotos aéreas analisadas com software de inteligência artificial.

Isso é um quarto do ato em apoio a Bolsonaro no ano passado. No dia 25 de fevereiro, o ato que também aconteceu na avenida Paulista reuniu 185 mil pessoas.

Após o protesto esvaziado no Rio e com o assunto travado na Câmara, a estratégia do bolsonarismo é mostrar que a anistia tem força nas ruas. Apesar da pressão bolsonarista, os caciques da Câmara sinalizam que a anistia não é prioridade. O presidente Hugo Motta (Republicanos-PB) tem focado em outros assuntos, como a comissão que vai discutir a isenção de Imposto de Renda para quem ganha até R$ 5.000 por mês, e foi alvo de alguns dos discursos no ato deste domingo.

Pesquisa mostra que maioria dos brasileiros rejeita proposta de anistia. Levantamento Genial/Quaest publicado hoje mostrou que 56% acham que os envolvidos no 8 de Janeiro devem continuar presos. Já 34% defendem que eles sejam soltos: 18% acreditam que eles nem deveriam ter sido presos e 16% pensam que devem ser soltos porque já estão presos há tempo demais.

Batom foi símbolo do ato
Vários dos manifestantes levam batons ou cartazes em referência ao caso de Débora Rodrigues dos Santos, que está em prisão domiciliar depois de passar mais de dois anos presa preventivamente. Bolsonaro chamou a mãe e a irmã da cabeleireira para subirem no trio elétrico durante o discurso dele. Elas não falaram.

Débora ficou conhecida por pichar com batom a estátua da Justiça em frente ao STF, mas a acusação contra ela não se limita a esse único ato. Segundo a denúncia da PGR (Procuradoria-Geral da República), a mulher participou do quebra-quebra e se associou conscientemente aos demais participantes dos atos golpistas de 8 de Janeiro.

Julgamento de Débora ainda não foi concluído. Manifestantes exibem cartaz com batom, dizendo ""usar essa arma te condena a 14 anos"", mas isso não é verdade: Débora ainda não foi condenada. O relator do caso, ministro Alexandre de Moraes, sugeriu uma pena de 14 anos de prisão por cinco crimes: abolição violenta do Estado democrático de direito, golpe de Estado, dano qualificado, deterioração de patrimônio tombado e associação criminosa armada.

Sete governadores foram à manifestação
São eles:
Romeu Zema (Novo-MG),
Jorginho Mello (PL-SC),
Tarcísio de Freitas (Republicanos-SP),
Ronaldo Caiado (União-GO),
Wilson Lima (PL-AM),
Ratinho Jr. (PSD-PR) e
Mauro Mendes (União-MT).

Cláudio Castro (PL) havia confirmado presença, mas cancelou após fortes chuvas desabrigarem centenas de pessoas no Rio. Mais de 300 pessoas tiveram de deixar suas casas em Angra dos Reis, onde o volume de chuva em dois dias foi mais que o dobro da média para o mês inteiro.

Ratinho Júnior (PSD) disse que não iria, mas apareceu. Depois de almoçar com Bolsonaro em Curitiba na sexta-feira, o governador paranaense falou que não poderia vir ao evento porque viajaria aos Estados Unidos. Ontem, ele participou do lançamento de um livro junto com o presidente do PSD, o ex-governador Gilberto Kassab, como mostrou a coluna de Mônica Bergamo no jornal Folha de S.Paulo.

Ronaldo Caiado lançou pré-candidatura à Presidência na sexta, dois dias antes de dividir palco com Bolsonaro. Tanto o ex-presidente quanto o governador goiano estão atualmente inelegíveis. Decisão da Justiça Eleitoral de Goiás de dezembro passado condenou Caiado a oito anos de inelegibilidade por abuso de poder político, mas ele ainda pode recorrer da decisão.

Reunião de governadores acontece em meio a disputa por protagonismo na direita. Com Bolsonaro inelegível, os nomes de vários dos presentes hoje na manifestação têm sido aventados como eventuais substitutos. O mais competitivo, segundo pesquisa Datafolha divulgada hoje, é o governador paulista Tarcísio de Freitas —que tem repetido, em público, que não será candidato ao Executivo federal no ano que vem.",UOL,06/04/2025 16:25,https://noticias.uol.com.br/politica/ultimas-noticias/2025/04/06/bolsonaro-fala-ato-sp-paulista-anistia-envolvidos-8-janeiro.htm
9,Manifestação de Bolsonaro por anistita reúne mais de 44 mil pessoas na Paulista,"Estimativa de público foi realizada pelo Monitor do Debate Público do Meio Digital da USP, que utilizou imagens aéreas para calcular a quantidade de manifestantes","O ex-presidente Jair Bolsonaro mobilizou aproximadamente 44,8 mil apoiadores na Avenida Paulista, em São Paulo, em um ato que teve como objetivo pedir perdão político aos condenados pela invasão das sedes dos Três Poderes, ocorrida em 8 de janeiro de 2023. A estimativa de público foi realizada pelo Monitor do Debate Público do Meio Digital da USP, que utilizou imagens aéreas para calcular a quantidade de manifestantes. Esse evento foi menor em comparação a outras manifestações organizadas por Bolsonaro. Em fevereiro de 2024, ele havia reunido cerca de 185 mil pessoas na mesma avenida, enquanto em setembro do mesmo ano, o público foi de 45 mil. A diminuição no número de participantes pode indicar uma mudança no apoio popular em relação às suas propostas.

A presença de apoiadores é um indicativo relevante para avaliar o respaldo à proposta de anistia aos envolvidos na invasão. Atualmente, mais de um terço dos 513 deputados da Câmara dos Deputados manifestaram apoio à ideia. A contagem de participantes foi realizada por um software da USP, que analisou imagens capturadas por drones durante o evento. Durante seu discurso, Bolsonaro reiterou a defesa pela anistia, mas pesquisas recentes, como a realizada pela Genial/Quaest, revelam que a maioria da população brasileira se opõe a essa medida. De acordo com os dados, 52% dos entrevistados consideram justa a decisão do Supremo Tribunal Federal (STF) de tornar Bolsonaro réu por tentativa de golpe de Estado, evidenciando um descompasso entre a posição do ex-presidente e a opinião pública.",Sarah Paula,06/04/2025 17:57,https://jovempan.com.br/noticias/brasil/manifestacao-de-bolsonaro-por-anistita-reune-mais-de-44-mil-pessoas-na-paulista.html
10,"Bolsonaro nega tentativa de golpe e diz esperar por ""ajuda externa""",Ex-presidente participou de ato pró-anistia em São Paulo,"Apoiadores do ex-presidente Jair Bolsonaro participaram na tarde deste domingo (6) de um ato na avenida Paulista, na região central da capital paulista, convocado por ele, para pedir a anistia aos envolvidos nos ataques de 8 de janeiro em Brasília. O protesto começou por volta das 14h e ficou centralizado na defesa do projeto de lei em tramitação na Câmara dos Deputados que concede anistia a condenados pelos atos antidemocráticos.

Em seu discurso Bolsonaro, defendeu a cabeleireira Débora Rodrigues Santos, presa por participação no ataque golpista e por ter pichado a estátua ""A Justiça"", em frente ao Supremo Tribunal Federal (STF), com um batom. Manifestantes vestidos de verde amarelo mostravam batons em referência a Débora, que já teve a prisão domiciliar concedida.

Segundo a Procuradoria-Geral da República, ela aderiu ao movimento golpista desde o fim das eleições de 2022, e é suspeita de apagar provas e atrapalhar o trabalho de investigadores e da Justiça.

Durante sua fala, Bolsonaro disse acreditar que se estivesse no Brasil em 8 de janeiro teria sido preso, o que não ocorreu porque ele viajou para os EUA em 30 de dezembro de 2022. “Algo me avisou. Se eu estivesse no Brasil eu teria sido preso e estaria apodrecendo até hoje ou até assassinado"".

O ex-presidente lembrou que a falta de um dos filhos no ato, Eduardo Bolsonaro, que se licenciou do mandato de deputado federal e se mudou para os Estados Unidos alegando perseguição política. Segundo ele, Eduardo tem contato com pessoas importantes do mundo todo. ""Tenho esperança que de fora venha alguma coisa para cá"".

Inelegível
Além de Bolsonaro, estavam presentes na manifestação o governador de São Paulo, Tarcísio de Freitas; o de Minas Gerais, Romeu Zema; o do Paraná, Ratinho Junior; o do Amazonas, Wilson Lima; o de Goiás, Ronaldo Caiado; o de Mato Grosso, Mauro Mendes; e o de Santa Catarina, Jorginho Mello (PL). Parlamentares e outras autoridades, como o presidente do PL, Valdemar Costa Neto, e o prefeito de São Paulo, Ricardo Nunes, também participaram do ato.

Bolsonaro está inelegível por 8 anos, até 2030, porque a Justiça Eleitoral entendeu que a reunião com embaixadores estrangeiros, em julho de 2022, no Palácio da Alvorada, teve uso eleitoral. Na ocasião, o então presidente, fez afirmações sem provas, desacreditando o sistema eleitoral brasileiro.

Ele é réu por tentativa de golpe, junto com mais sete pessoas, desde o mês passado, desde a decisão unânime da Primeira Turma do STF. Os cinco ministros votaram para aceitar a denúncia apresentada pela Procuradoria-Geral da República (PGR). A partir de então, Bolsonaro e os outros réus, passarão a responder a um processo penal que pode condená-los à prisão.",Flávia Albuquerque,06/04/2025 18:38,https://agenciabrasil.ebc.com.br/politica/noticia/2025-04/bolsonaro-nega-tentativa-de-golpe-e-diz-esperar-por-ajuda-externa
11,Popcorn & ice cream: quem são os condenados no 8/1 citados por Bolsonaro,Ex-presidente destacou em evento por anistia dois condenados que argumentam não terem participado dos atos em Brasília,"Carlos Antônio Eifler, vendedor de pipoca, e Otoniel Cruz, vendedor de picolé, foram condenados por associação criminosa no processo de tentativa de golpe de Estado pelos atos de 8 de janeiro de 2023. Os dois foram citados pelo ex-presidente Jair Bolsonaro (PL) durante o ato em defesa do projeto de lei que anistia os envolvidos na invasão das sedes dos Três Poderes, em Brasília.

Em inglês, Bolsonaro disse “Popcorn and ice cream sellers sentenced for coup d’État in Brazil (vendedores de sorvete e pipoca condenados por tentativa de golpe de Estado, em português)”, se referindo a Carlos e a Otoniel.

Pelo processo e a denúncia da Procuradoria-Geral da República (PGR), os dois fizeram parte de uma associação criminosa que culminou na depredação das sedes dos Três Poderes. Os dois informaram em depoimento que chegaram a Brasília quando os prédios já haviam sido invadidos e foram acampar no Quartel General do Exército, na capital federal, onde foram presos.

De acordo com a denúncia da PGR, os acusados se associaram “a outros manifestantes (réus em ações penais diversas, em curso perante esta Corte), em acampamento instalado em frente ao Quartel-General do Exército com o objetivo de praticar crimes contra o Estado Democrático de Direito, passando a incitar, publicamente, animosidade das Forças Armadas contra os demais Poderes da República”.

A PGR destacou que elementos de prova obtidos na fase de investigação e as provas produzidas durante a instrução processual “comprovaram a materialidade e a autoria delitivas nos autos”.

Em seu interrogatório judicial, Eifler disse que deixou a sua cidade, em Lajeado (RS), para ir a Brasília (DF), chegando no dia 8 de janeiro de 2023, e se instalado no acampamento, onde pernoitou, e ali permaneceu de 8 a 9 de janeiro, até ser preso pela Polícia Federal (PF). O mesmo ocorreu com Otoniel Cruz, que saiu de Porto Seguro (BA) para Brasília, chegando na capital na noite do dia 8 de janeiro.

O Ministério Público imputou aos denunciados as condutas de associação criminosa e incitação ao crime.

Os dois foram condenados em julgamento realizado no plenário virtual do STF. O relator Alexandre de Moraes foi seguido por oito ministros. Dois, Nunes Marques e André Mendonça, votaram contra a condenação.

“Há, no mínimo, dúvida razoável quanto à homogeneidade de métodos, intenções, atitudes, e, especialmente, quanto ao dolo de cada um dos réus, o que macula a tese de que todos, apenas por estarem lá, pertenciam a uma mesma associação criminosa”, apontou Mendonça.

O ministro, indicado à Corte por Bolsonaro, também destacou em seu voto que “a acusação não comprovou e, a bem da verdade, sequer indicou efetivamente como exatamente cada um dos presos no acampamento aderiu e participou da associação criminosa e do delito de incitação de animosidade entre Forças Armadas”.

A CNN não conseguiu contato com os dois citados.",Elijonas Maia,07/04/2025 12:28,https://www.cnnbrasil.com.br/politica/popcorn-ice-cream-quem-sao-os-condenados-no-8-1-citados-por-bolsonaro/
12,7 governadores de direita participam de ato de Bolsonaro para defender anistia a golpistas,"Tarcísio, Caiado, Zema, Ratinho Jr, Jorginho Mello, Wilson Lima e Mauro Mendes estiveram na Paulista neste domingo (6)","O ato liderado pelo ex-presidente Jair Bolsonaro (PL) neste domingo (6), para pedir anistia aos condenados pelos atos golpistas de 8 de janeiro, reuniu ao menos sete governadores bolsonaristas que defendem perdão aos condenados. 

Em registro publicado nas redes sociais, Bolsonaro, atualmente réu no Supremo Tribunal Federal (STF) por tentativa de golpe de Estado, posou ao lado de Tarcísio de Freitas (Republicanos-SP), Ronaldo Caiado (União-GO), Romeu Zema (Novo-MG), Ratinho Júnior (PSD-PR), Jorginho Mello (PL-SC), Wilson Lima (União-AM) e Mauro Mendes (União-MT). 

Desses, quatro são cotados como possíveis nomes para candidatura a presidente em 2026 e disputam um possível apoio de Bolsonaro. São eles, o governador de São Paulo, Tarcísio de Freitas; o de Goiás, Ronaldo Caiado; o de Minas Gerais, Romeu Zema; e Ratinho Júnior do Paraná.

Freitas, que publicamente afirma ser candidato à reeleição para o Palácio dos Bandeirantes, foi o único governador a discursar no palanque bolsonarista. 

Em sua fala, o chefe do executivo paulista defendeu que “pedir anistia não é uma heresia, é algo justo”, após citar leis de concessão de anistia desde a época colonial e dizer que o perdão aos condenados pelos atos golpistas seria uma forma de “pacificar o Brasil”.  

“Nós precisamos olhar para frente. Nós precisamos discutir o que interessa. Nós estamos perdendo o bonde da história, estamos ficando para trás. Não podemos ser eternamente o país, o futuro”, disse. 

Em entrevista à imprensa, Romeu Zema exaltou a união dos governadores. “Nós governadores de direita estamos unidos. Sete governadores estão aqui demonstrando essa união de direita”, pontuou. 

O governado do Rio de Janeiro, Cláudio Castro (PL), também havia confirmado presença, mas a participação no ato foi cancelada após as fortes chuvas que atingiram cidades do estado. 

Bolsonaro usa palanque para defender candidatura 
Bolsonaro, por sua vez, utilizou o palanque para defender a própria inocência. Inelegível até 2030 por decisão do Tribunal Superior Eleitoral (TSE), o ex-presidente falou em uma eventual candidatura para 2026.

“Eleições 2026 sem Jair Bolsonaro é negar a democracia, escancarar a ditadura no Brasil. Se o voto é a alma da democracia, a contagem pública do mesmo se faz necessária”, disse em alusão ao sistema eleitoral, alvo reiterado da extrema direita, sobre o qual não há qualquer prova de fraude. 

Bolsonaro se somou à pressão sobre o Congresso com relação ao tema da anistia. Pouco antes do discurso do ex-presidente, o líder do PL na Câmara, Sóstenes Cavalcante, disse que irá expor deputados indecisos sobre o PL da Anistia para pressionar por assinaturas. 

“Quanto à anistia, eles já perderam essa guerra. A grande maioria do povo brasileiro entende as injustiças e agora se socorrem da nossa Câmara Federal, do nosso Senado Federal para fazer justiça”, discursou Bolsonaro. 

Entretanto, a afirmação de que a maioria dos brasileiros é favorável à anistia para os condenados do 8 de janeiro não encontra respaldo em pesquisas. Um levantamento da Quaest divulgado neste domingo aponta que 56% da população é contrária ao perdão aos golpistas. 

Menos apoiadores na Paulista
O ato deste domingo atraiu cerca de 44,8 mil apoiadores, segundo estimativa do Monitor do Debate Público do Meio Digital, da Universidade de São Paulo (USP), que fez o levantamento a partir de fotos aéreas do momento de pico da manifestação, durante o discurso de Bolsonaro.

O público ficou muito aquém daquele o bolsonarismo mobilizou em fevereiro do ano passado, quando aproximadamente 185 mil pessoas se manifestaram no mesmo local em favor da pauta pró-anistia, conforme levantamento também realizado por pesquisadores da USP.",Geisa Marques,06/04/2025 17:56,https://www.brasildefato.com.br/2025/04/06/7-governadores-de-direita-participam-de-ato-de-bolsonaro-para-defender-anistia-a-golpistas/
13,Governadores posam ao lado de Bolsonaro antes de ato na Paulista: ‘Juntos pela anistia’,O grupo conta com políticos filiados a partidos que compõem a base de apoio formal ao presidente Lula (PT),"Governadores de sete estados, representando quatro das cinco regiões brasileiras, posaram junto do ex-presidente Jair Bolsonaro (PL) neste domingo 6, momentos antes do início da manifestação bolsonarista em São Paulo sob justificativa de defesa de anistia para os envolvidos nos ataques de 8 de janeiro de 2023.

A foto, que foi compartilhada nas redes sociais pelo chefe do governo paulista, Tarcísio de Freitas (Republicanos), tem ainda Romeu Zema (governador de MG pelo partido Novo); Jorginho Mello (PL, Santa Catarina); Ronaldo Caiado (União Brasil, Goiás); Wilson Lima (União Brasil, Amazonas), Ratinho Júnior (PSD, Paraná) e Mauro Mendes (União Brasil, Mato Grosso).

Quatro dos governadores que aparecem sorridentes na foto estão filiados a partidos que estão na base formal de apoio ao presidente Luiz Inácio Lula da Silva (PT). O União Brasil (partido de Caiado, Lima e Mauro Mendes) tem dois ministros no governo: Celso Sabino (do Turismo) e Juscelino Filho (Comunicações). O PSD, de Ratinho, tem outros dois: Alexandre Silveira (Minas e Energia) e Carlos Fávaro (Agricultura).

Ao compartilhar a foto, Tarcísio, vez ou outra apontado como uma alternativa ‘moderada’ para representar a direita na disputa pelo Palácio do Planalto em 2026, escreveu: “Juntos pela anistia!”. O governador paulista já tinha confirmado participação no ato durante a semana, assim como a maioria dos governadores que posaram juntos na foto.

O governador do Rio de Janeiro, Cláudio Castro (PL), que tinha confirmado presença, não viajou a São Paulo, por conta do impacto das chuvas, que causou estragos em cidades como Petrópolis e Angra dos Reis. Nas redes sociais, ele disse que o apoio à causa da anistia aos golpistas é ‘total’.

Pelo menos três dos políticos que aparecem na imagem estão cotados para concorrer à presidência no ano que vem. Além de Tarcísio, que nega a possibilidade e diz que vai tentar a reeleição em São Paulo, Zema e Caiado indicam que poderão estar na disputa. O goiano, aliás, já confirmou a pré-candidatura.

Se levarem em conta a opinião pública sobre a obsessão bolsonarista de anistiar os golpistas de 2026, porém, eles podem estar dando um tiro no pé. Pesquisa divulgada neste domingo 6 pelo instituto Quaest mostra que a maioria dos brasileiros é contra o perdão aos participantes do quebra-quebra na Praça dos Três Poderes.",Carta Capital,06/04/2025 14:23,https://www.cartacapital.com.br/politica/governadores-posam-ao-lado-de-bolsonaro-antes-de-ato-na-paulista-juntos-pela-anistia/
14,USP e Cebrap contabilizam apenas 45 mil pessoas em ato com Bolsonaro na Avenida Paulista,A Polícia Militar de São Paulo disse que não vai divulgar a estimativa de público,"Entidades ligadas a instituições acadêmicas afirmam que o ato com o ex-presidente Jair Bolsonaro e seus aliados, realizado neste domingo, 6, na Avenida Paulista, em São Paulo, reuniu apenas 44,9 mil pessoas. A contagem foi feita com base em fotos aéreas analisadas por meio de inteligência artificial.

O Monitor do Debate Político no Meio Digital, do Cebrap, e a ONG More in Common, supervisionada pela USP, divulgaram a estimativa. Segundo as entidades, o cálculo tem margem de erro de 5,4 mil pessoas, para mais ou para menos.

Nesse sentido, a análise coincide com o levantamento do Datafolha, instituto de pesquisa do Grupo Folha, que contabilizou 55 mil pessoas na Paulista. Questionada pela CNN Brasil, a Polícia Militar de São Paulo disse que não vai divulgar a estimativa de público.

Michelle Bolsonaro cita Débora dos Santos 
Neste domingo, manifestantes começaram a se reunir pela manhã nos arredores do Masp para pedir anistia a presos e condenados pelos atos do 8 de janeiro. O protesto ocorreu de forma pacífica, com muitos participantes de camisetas verdes e amarelas.

Um dos destaques foi a cabeleireira Débora dos Santos, que cumpre prisão domiciliar por decisão da Justiça, depois de um pedido da Procuradoria-Geral da República.

Ela ficou conhecida por escrever, com batom vermelho, a frase “perdeu, mané” na estátua da Justiça, em Brasília, durante as manifestações do 8 de janeiro. A Polícia Federal, no âmbito da Operação Lesa Pátria, realizou a prisão de Débora em 17 de março de 2023. 

Enquanto segurava um batom, a ex-primeira-dama Michelle Bolsonaro afirmou: “Débora dos Santos se tornou um símbolo da luta pela justiça no Brasil.”

A presidente do PL Mulher também citou Adalgiza Maria Dourado, de 65 anos, condenada a 14 anos de prisão pelo ministro Alexandre de Moraes, do Supremo Tribunal Federal. Dentro da cadeia, a idosa luta contra crises de ansiedade e depressão profunda.",Luis Batistela,07/04/2025 09:04,https://revistaoeste.com/politica/usp-e-cebrap-contabilizam-45-mil-pessoas-em-ato-com-bolsonaro/
15,Trump não ligou para Bolsonaro durante ato pela anistia em São Paulo,,"É falso que o ex-presidente Jair Bolsonaro (PL) recebeu uma ligação de Donald Trump durante o ato pela anistia realizado no último domingo na avenida Paulista, em São Paulo, ao contrário do que afirmam publicações nas redes sociais.

Não há qualquer registro de que Bolsonaro tenha recebido uma ligação de Trump durante a manifestação.

O pedido de checagem foi enviado ao UOL Confere pelo WhatsApp (11) 97684-6049.

O que diz o post
""Trump liga para Bolsonaro durante manifestação e faz ele chorar ao vivo"", diz uma mensagem contida na publicação, que traz um vídeo reunindo imagens de Bolsonaro, Trump e do ato pela anistia na avenida Paulista.

Um narrador diz que ""diante de milhões, Bolsonaro foi surpreendido"" após um assessor lhe entregar um celular. O ex-presidente anunciou ao público que havia acabado de receber uma ligação de Trump, o que fez ""a multidão explodir em gritos"". Na suposta conversa, Trump teria dito para Bolsonaro ""continuar firme"" e ""que ele não estava sozinho"". ""Ao ouvir estas palavras, Bolsonaro não conteve as lágrimas"", completa o narrador.

Por que é falso
Não há registro de que Trump ligou para Bolsonaro durante ato. O UOL Confere pesquisou no Google (aqui e aqui, em inglês) por possíveis referências ao suposto telefonema de Trump para Bolsonaro, mas não encontrou qualquer menção ao fato na imprensa nacional ou internacional. Há apenas checagens feitas por agências verificadoras desmentindo a informação.

Casa Branca não menciona suposta conversa entre Trump e Bolsonaro. Uma busca no site oficial do governo norte-americano também não contém registros de que o presidente dos EUA tenha ligado para Bolsonaro no último domingo (aqui, em inglês).",Ricardo Espina,08/04/2025 16:16,https://noticias.uol.com.br/confere/ultimas-noticias/2025/04/08/trump-ligacao-bolsonaro-ato-paulista-anistia-falso.htm
16,Bolsonaro leva 11 vezes mais público que Boulos em manifestação na Avenida Paulista,O site Poder360 utilizou imagens aéreas capturadas por drones durante os momentos de maior concentração dos dois atos,"O protesto convocado pelo ex-presidente Jair Bolsonaro reuniu, neste domingo, 6, cerca de 60 mil participantes na Avenida Paulista, em São Paulo. O público presente foi quase 11 vezes maior que o número de manifestantes reunidos no ato organizado pelo deputado federal Guilherme Boulos (Psol-SP), na semana anterior. O portal Poder360 divulgou as estimativas.

Os dois atos ocorreram na mesma avenida, porém em locais diferentes. Bolsonaro discursou próximo ao Museu de Arte de São Paulo (Masp), enquanto o evento liderado por Boulos ocorreu na região do Shopping Pátio Paulista. A distância entre as duas concentrações é de aproximadamente 1,7 quilômetro.

Bolsonaro reuniu apoiadores para defender o projeto de lei que prevê anistia aos condenados pelos atos do 8 de janeiro de 2023. Além de milhares de manifestantes, estiveram presentes governadores, senadores e deputados alinhados ao ex-presidente.

Em contrapartida, o psolista organizou um ato contrário à proposta. Cerca de 5,5 mil pessoas protestaram contra a possibilidade de perdão judicial aos envolvidos na manifestação na Praça dos Três Poderes, em Brasília.

Portal analisa ato de Bolsonaro através do Google Earth 
Para estimar o público presente, Poder360 utilizou imagens aéreas capturadas por drones durante os momentos de maior concentração das manifestações. A análise da área ocupada usou a ferramenta Google Earth e classificou os espaços conforme a densidade de pessoas por metro quadrado.

A contagem foi dividida em cinco níveis: baixa (1 pessoa por m²), média-baixa (2 pessoas por m²), média (3 pessoas por m²), média-alta (4 pessoas por m²) e alta (5 pessoas por m²). Com base nessa metodologia, chegou-se ao total aproximado de participantes em cada ato.",Luis Batistela,07/04/2025 11:15,https://revistaoeste.com/politica/bolsonaro-leva-11-vezes-mais-publico-que-boulos-em-manifestacao-na-avenida-paulista/
17,Socorristas iniciam resgate de brasileira que caiu em trilha na Indonésia,,"Brasileira cai em trilha de vulcão na Indonésia e aguarda por resgate

Uma equipe de socorristas conseguiu entregar suprimentos à brasileira Juliana Marins, que está presa em um local de difícil acesso em uma montanha na Indonésia, aguardando ser resgatada há quase 24 horas.

“O resgate conseguiu descer até ela, deram comida, deram água. Ela está estabilizada. Vão colocar ela na maca assim que possível”, disse a irmã de Juliana, Mariana Marins, à TV Globo.

Segundo Mariana, a irmã está respondendo e não se sabe a gravidade dos ferimentos que possa ter sofrido.

A jovem de 27 anos de de Niterói (RJ) caiu durante uma trilha de escalada no Monte Rinjani, na Ilha de Lombok, enquanto fazia uma caminhada pela área de vulcão na madrugada deste sábado, 21, pelo horário local, início da noite de sexta-feira, 20, pelo fuso do Brasil.

Juliana deve ser removida do local de helicóptero na manhã de domingo, no horário local, noite de sábado no Brasil.

A embaixada brasileira em Jacarta está dando apoio ao resgate, segundo a família. A Embaixada da Indonésia no Brasil não se pronunciou.",Estadão,21/06/2025 17h10,https://www.estadao.com.br/brasil/resgate-brasileira-caiu-trilha-indonesia-nprm/?srsltid=AfmBOop1jdWDyQqGHc82kwOuUlTtPqbGWAHjQAHaYrWOfX-ulHb2PEbL
18,"Vídeo que mostra suposto resgate de brasileira em trilha na Indonésia é falso, diz família",Embaixada brasileira em Jacarta está em contato com as autoridades locais sobre o caso desde cedo,"Um vídeo que mostra a suposta chegada de uma equipe resgate até a brasileira Juliana Marins, 26 anos, que caiu durante uma trilha ao vulcão Rinjani, na Indonésia foi desmentido pela família da jovem. O vídeo foi compartilhado pelas autoridades do país, mas depois verificou-se tratar de conteúdo falso.

No domingo à noite, Mariana Marins, irmã de Juliana concedeu entrevista ao Fantástico e comentou o caso. Durante a gravação, ela recebeu uma ligação do embaixador do Brasil na Indonésia que confirmou o compartilhamento do conteúdo falso e disse que repassou a informação de boa fé, sem saber que se tratava de um vídeo mentiroso.

Nesta segunda-feira (23/6) as buscas pela brasileira foram, novamente, suspensas. A informação divulgada pela família de Juliana foi de que a jovem foi vista pela equipe de resgate e o grupo tentou chegar até ela, mas não houve informações sobre o contato direto.

""O ambiente de alta montanha é extremamente severo, com obstáculos naturais que dificultam o acesso aéreo, inclusive por helicóptero e drones. Estamos em contato direto com o time de resgate e recebendo atualizaçãoes. Assim que possível vamos compartilhar novas informações com todos. Pedimos que enviem pensamentos posivitos, orações e força.""

Mariana Marins, irmã de Juliana, disse que a irmã ainda não foi resgatada e continua no local acidente. ""Nós não sabemos se ela está machucada, como está o estado mental dela e físico. Só sabemos que ela está viva e estamos muito felizes com isso, porém essa é só a primeira parte da luta. Juliana precisa ser resgatada"", relatou Mariana nos stories do Instagram.

Natural de Niterói, no Rio de Janeiro, Juliana está viajando pela Ásia desde fevereiro. Ao Correio, o Itamaraty informou que a Embaixada em Jacarta está em contato com as autoridades locais sobre o caso desde cedo. ""O local é de difícil acesso, mas os indonésios estão empenhados no resgate. Embaixada segue acompanhando operação"", diz.

Nas redes sociais, Juliana compartilha a rotina de viagens pelo mundo. Em penúltima publicação, em 29 de maio, a jovem relatou que fazer uma ""viagem longa sozinha significa que o sentir vai sempre ser mais intenso e imprevisível"". ""Nunca me senti tão viva"", escreveu.

O monte Rinjani, onde Juliana fazia a trilha, tem 3.726 metros de altura e é o segundo maior vulcão da Indonésia. O local é bastante procurado por alpinistas.

Rodrigo Neves, prefeito de Niterói, disse que está cobrando providências das autoridades locais para que o resgate da brasileira seja realizado com urgência. ""Seguimos em oração e com esperança de que tudo termine bem. Continuaremos acompanhando de perto a situação"", afirmou.
",Alice Gouveia,21/06/2025 14:12,https://www.correiobraziliense.com.br/mundo/2025/06/7179776-socorristas-chegam-ate-brasileira-que-caiu-em-trilha-de-vulcao-na-indonesia.html
19,Equipe de resgate encontra brasileira que caiu em trilha na Indonésia,"Ainda não há previsão para a retirada da jovem do local, que espera a mais de 17 horas","Uma equipe de resgate conseguiu localizar a brasileira Juliana Marins, que caiu enquanto fazia uma trilha ao vulcão Rinjani, na Indonésia, no início da noite desta sexta-feira (20), pelo horário de Brasília. A informação foi confirmada pela irmã da jovem na manhã deste sábado (21). A irmã da jovem desaparecida, havia divulgado que Juliana recebeu água e suprimentos pela equipe de resgate, mas essa informação foi desmentida posteriormente.

A equipe ainda não tem previsão para a retirada de Juliana do vulcão, que espera por ajuda a mais de 36 horas.

De acordo com informações, a região onde a jovem se encontra é de difícil acesso, com bastante neblina e sereno, que deixam as pedras mais lisas e escorregadias, o que dificulta o resgate.

Segundo Mariana Marins, irmã de Juliana, a brasileira fazia um mochilão desde fevereiro com uma empresa de turismo. Durante a trilha, Juliana tropeçou, escorregou e caiu a uma distância de cerca de 300 metros.

Cerca de três horas depois da queda, um grupo de turistas percebeu que Juliana havia sofrido o acidente e entrou em contato com a família dela nas redes sociais.

“A gente está aqui torcendo muito para que tudo dê certo, mas são horas e horas de espera. A gente está comemorando porque ela está viva, mas ainda tem um bom caminho pela frente”, contou Mariana.",Alan Cardoso,21/06/2025 15h42,https://www.cnnbrasil.com.br/nacional/brasil/equipe-de-resgate-encontra-brasileira-que-caiu-em-trilha-na-indonesia/
20,Socorristas iniciam resgate de brasileira que caiu em trilha na Indonésia,,"Uma equipe de socorristas conseguiu entregar suprimentos à brasileira Juliana Marins, que está presa em um local de difícil acesso em uma montanha na Indonésia, aguardando ser resgatada há quase 24 horas.

Uma equipe de socorristas conseguiu entregar suprimentos à brasileira Juliana Marins, que está presa em um local de difícil acesso em uma montanha na Indonésia, aguardando ser resgatada há quase 24 horas.

""O resgate conseguiu descer até ela, deram comida, deram água. Ela está estabilizada. Vão colocar ela na maca assim que possível"", disse a irmã de Juliana, Mariana Marins, à TV Globo.

Segundo Mariana, a irmã está respondendo e não se sabe a gravidade dos ferimentos que possa ter sofrido.

A jovem de 27 anos de Niterói (RJ) caiu durante uma trilha de escalada no Monte Rinjani, na Ilha de Lombok, enquanto fazia uma caminhada pela área de vulcão na madrugada deste sábado, 21, pelo horário local, início da noite de sexta-feira, 20, pelo fuso do Brasil.

Juliana deve ser removida do local de helicóptero na manhã de domingo, no horário local, noite de sábado no Brasil.

A embaixada brasileira em Jacarta está dando apoio ao resgate, segundo a família. A Embaixada da Indonésia no Brasil não se pronunciou.
",Estadão,21/06/2025 17h34,https://noticias.uol.com.br/ultimas-noticias/agencia-estado/2025/06/21/socorristas-iniciam-resgate-de-brasileira-que-caiu-em-trilha-na-indonesia.htm
21,"Resgate de Juliana Marins, brasileira que caiu em vulcão na Indonésia, é retomado, diz família","Juliana Marins, que fazia um mochilão pela Ásia, caiu durante uma trilha no vulcão Rinjani na madrugada de sábado, no horário local. Esse já é o 4º dia de buscas na Indonésia.","A família da jovem Juliana Marins informou, através das redes sociais, que o resgate dela foi retomado na noite desta segunda-feira (23), no horário do Brasil. A publicitária brasileira, de 26 anos, caiu durante uma trilha no Monte Rinjani, na madrugada de sábado (21).

Segundo a família, uma furadeira e um helicóptero podem ser usados na operação. ""Temos a confirmação de que o resgate da Juliana foi retomado às 6h (locais)! Uma furadeira está posicionada para subir a montanha e compor o plano B das ações de resgate. Estão testando a hipótese de usar um helicóptero para o resgate. Previsão entre as 11h e 12h do horário local"", escreveu a família.

Ainda de acordo com a família de Juliana, a equipe de resgate desceu 400 metros. Dois helicópteros aguardam confirmação de espaço aéreo para entrar nas buscas.

Já segundo Lara, amiga de Juliana que está na Indonésia, a jovem foi encontrada a uma distância de cerca de 950 metros da trilha original. Lara está em contato com a equipe de resgate.

Juliana chegou a ficar mais de 24 horas desaparecida no desfiladeiro. Esse já é o 4º dia de operação de resgate.

Inicialmente, ela tinha caído 300 metros, mas depois escorregou. Ela foi localizada imóvel por um drone nesta segunda-feira.

Mais cedo, a irmã da publicitária, Mariana Marins, publicou um vídeo falando da expectativa da retomada do resgate. O vídeo foi postado em um horário equivalente a quase 6h da manhã de terça na Indonésia – são 11 horas de diferença no fuso horário.

""Tá chegando a noite, a nossa expectativa aumenta, o resgate vai ser retomado. A gente está na expectativa de ver a Juliana novamente, viva e bem aqui com a gente"", afirmou Mariana.

""Quero agradecer toda energia positiva, todo carinho que vocês têm enviado. Tenho certeza que ela está sentindo isso lá agora e isso está mantendo ela viva. Eu sinto isso. A gente não tem confirmação do estado, mas tenho certeza que isso tá fazendo muita diferença. Vamos trazer a Juliana pra casa"", escreveu ela.

Desde fevereiro, Juliana fazia um mochilão pela Ásia, tendo passado por Filipinas, Vietnã e Tailândia antes de chegar à Indonésia.

Um influenciador brasileiro que também está acompanhando a situação no local afirmou que o tempo está limpo.

""Estou bastante otimista que hoje a gente vai conseguir trazer a Juliana de volta. O tempo está totalmente limpo no Rinjani e isso é um bom sinal. A previsão era da equipe começar às 3h da manhã. Eles já devem estar na descida"", afirmou o influenciador Kiki por aí.

Críticas e informações desencontradas

O perfil criado pela família para dar informações sobre o caso fez críticas às autoridades da Indonésia na segunda. “O parque segue com a sua atividade normalmente, turistas continuam fazendo a trilha, enquanto Juliana está precisando de socorro! Nós não sabemos o estado de saúde dela! Ela segue sem água, comida e agasalhos! Juliana vai passar mais uma noite sem resgate por negligência!”, escreveu.

Aparentemente é padrão nessa época do ano que o clima se comporte dessa forma, eles têm ciência disso e não agilizam o processo de resgate! Lento, sem planejamento, competência e estrutura!”

O resgate havia sido suspenso neste domingo (22) também por causa das condições climáticas difíceis, com muita neblina.

A irmã também denunciou que vídeos divulgados como sendo do momento do resgate foram forjados.

""Todos os vídeos que foram feitos são mentiras, inclusive o do resgate chegando nela. O vídeo foi forjado para parecer isso, junto com essa mensagem associada a ele"", disse Mariana.

A embaixada do Brasil na Indonésia diz que acompanha o caso e que pediu que a operação de resgate seja feita mesmo à noite. Ao Fantástico, o embaixador admitiu que repassou informações incorretas no início, com base em relatos imprecisos das autoridades locais.
Segundo nota do Itamaraty, dois funcionários da embaixada do Brasil na Indonésia foram enviados, no sábado, para acompanhar pessoalmente os esforços pelo resgate.

Juliana caiu durante uma trilha no vulcão Rinjani, uma das atrações turísticas mais conhecidas da Indonésia. A queda ocorreu na madrugada de sábado, no horário local — ainda sexta-feira (20) no Brasil.

Segundo a irmã de Juliana, a jovem saiu com um grupo de 5 pessoas e um guia local. O grupo já estava em seu 2º dia de trilha quando Juliana disse que estava cansada para continuar.

A jovem estava sozinha no momento do acidente e foi localizada por turistas que passaram pela trilha horas depois.

""O guia falou: 'então descansa' e seguiu viagem. A gente tinha recebido a informação que o guia tinha ficado com ela, que ela tinha tropeçado e caído. Não foi isso que aconteceu"".

""O guia só seguiu viagem para chegar até o cume. A gente só tem essas informações de mídia local. Juliana ficou desesperada porque ninguém mais voltou e caiu. Abandonaram Juliana"", disse Mariana.

Quem é Juliana Marins

Natural de Niterói (RJ), Juliana Marins é formada em Publicidade e Propaganda pela Universidade Federal do Rio de Janeiro (UFRJ) e também atua como dançarina de pole dance.

A jovem compartilhou registros da viagem nas redes sociais, onde mantinha contato com amigos e seguidores.",,23/06/2025 18h54,https://g1.globo.com/rj/rio-de-janeiro/noticia/2025/06/23/resgate-por-juliana-marins.ghtml
22,"Juliana Marins é vista imóvel 500 metros penhasco abaixo, diz parque de vulcão na Indonésia","Às 5h desta segunda, meio da tarde na Indonésia, a família tinha dito que as buscas haviam sido novamente interrompidas, 3 dias depois do acidente, e que não havia informações sobre como a brasileira estava.","O perfil oficial do Parque Nacional do Monte Rinjani, na Indonésia, informou que socorristas conseguiram localizar a brasileira Juliana Marins, que caiu durante uma trilha que leva ao cume do vulcão. Um drone operado por resgatistas chegou até a jovem, que estava imóvel e a 500 metros penhasco abaixo.

“Às 6h30 [de segunda-feira (23) de Lombok, 17h30 de domingo (22) no Rio de Janeiro], a vítima foi localizada com o uso de um drone, em posição presa a um paredão rochoso, a uma profundidade de aproximadamente 500 metros, e visualmente sem sinais de movimento.”

Às 5h desta segunda, meio da tarde na Indonésia, a família tinha dito que as buscas haviam sido novamente interrompidas, 3 dias depois do acidente, e que não havia informações sobre como a Juliana estava. As buscas têm sido prejudicadas por condições climáticas adversas, como forte neblina e visibilidade reduzida.

“A operação enfrenta terreno extremamente difícil e condições climáticas instáveis. A neblina densa reduz a visibilidade e aumenta os riscos. Por segurança, a equipe foi recolhida a uma posição segura”, diz a postagem.

O acidente ocorreu no sábado (21). Juliana fazia a trilha com um grupo de turistas e um guia local quando, segundo a família, ficou sozinha após dizer que estava cansada. O guia teria seguido viagem sem esperar pela brasileira, que acabou caindo em um desfiladeiro.

Imagens feitas com drones por turistas ajudaram a localizar a jovem, mas o acesso até o local permanece difícil. Dois alpinistas experientes se juntaram à equipe que tenta resgatar a brasileira. Segundo a família da jovem, os profissionais “estão indo ao encontro do local do acidente de Juliana”.

O perfil @resgatejulianamarins, canal oficial criado por parentes, informou que os profissionais estão equipados, mas ainda não há confirmação se o resgate continuará durante a noite. A página afirmou que Juliana parecia estar a 600 metros desfiladeiro abaixo.

A irmã de Juliana, Mariana, afirmou que as informações de que a jovem teria recebido suprimentos são falsas. “Até agora não conseguiram chegar até ela. As cordas não tinham tamanho suficiente, além da baixa visibilidade”, disse.

O embaixador do Brasil na Indonésia admitiu ter divulgado informações incorretas com base em dados repassados por autoridades locais. “Foi um erro de comunicação inicial”, disse ele em ligação divulgada pelo Fantástico.

A família também criticou duramente a atuação do parque. “Turistas seguem fazendo trilhas normalmente, enquanto Juliana está sem socorro, sem água, sem comida e sem agasalhos”, postou o perfil da família.

""Aparentemente é padrão nessa época do ano que o clima se comporte dessa forma, eles têm ciência disso e não agilizam o processo de resgate! Lento, sem planejamento, competência e estrutura!”

Mochilão na Ásia

Natural de Niterói (RJ), Juliana é formada em Publicidade e Propaganda pela UFRJ e atua como dançarina de pole dance. Desde fevereiro, ela fazia um mochilão pela Ásia e já havia visitado Filipinas, Vietnã e Tailândia antes de chegar à Indonésia.

A trilha onde ocorreu o acidente é uma das mais procuradas por turistas e apresenta trechos de alto risco, especialmente em épocas com instabilidade climática.

A família segue cobrando das autoridades maior agilidade e transparência na operação de resgate.

Juliana foi encontrada por turistas

Juliana Marins caiu durante uma trilha no vulcão Rinjani, uma das atrações turísticas mais conhecidas da Indonésia. A queda ocorreu na madrugada de sábado (21), no horário local — ainda sexta-feira (20) no Brasil. Ela teria escorregado e caído cerca de 300 metros abaixo da trilha original.

A jovem estava sozinha no momento do acidente e foi localizada por turistas que passaram pela trilha horas depois. Eles usaram um drone para encontrá-la e divulgaram vídeos nas redes sociais, o que ajudou a informação a chegar até a família no Brasil.
",g1 Rio,23/06/2025 12h39,https://g1.globo.com/rj/rio-de-janeiro/noticia/2025/06/23/juliana-marins-e-vista-imovel-500-metros-penhasco-abaixo-diz-parque-de-vulcao-na-indonesia.ghtml
23,Irmã de brasileira que caiu em trilha de vulcão na Indonésia desmente resgate: ‘Não conseguiram chegar até ela',"Juliana Marins, que fazia um mochilão pela Ásia, caiu durante uma trilha ao vulcão Rinjani. Segundo a irmã da brasileira, informações divulgadas por autoridades do país asiático, no sábado (21), sobre ela ter recebido água e comida, eram falsas.","A família da brasileira Juliana Marins, de 26 anos, desmentiu neste domingo (22) as informações divulgadas por autoridades indonésias e pela Embaixada do Brasil em Jacarta de que a jovem teria recebido comida, água e agasalho após cair durante uma trilha no vulcão Rinjani, em Lombok, na Indonésia.

A família da brasileira Juliana Marins, de 26 anos, desmentiu neste domingo (22) as informações divulgadas por autoridades indonésias e pela Embaixada do Brasil em Jacarta de que a jovem teria recebido comida, água e agasalho após cair durante uma trilha no vulcão Rinjani, em Lombok, na Indonésia.

Segundo Mariana Marins, irmã da mochileira, o resgate ainda não conseguiu chegar até Juliana. A espera por ajuda já dura mais de 30 horas.

""Recebemos, com muita preocupação e apreensão, que não é verdadeira a informação de que a equipe de resgate levou comida, água e agasalho para a Juliana. A informação que temos é que até agora não conseguiram chegar até ela, pois as cordas não tinham tamanho suficiente, além da baixa visibilidade"", afirmou Mariana, que está no Brasil.


A irmã também denunciou que vídeos divulgados como sendo do momento do resgate foram forjados.

""Todos os vídeos que foram feitos são mentiras, inclusive o do resgate chegando nela. O vídeo foi forjado para parecer isso, junto com essa mensagem associada a ele"", disse Mariana.

No fim da manhã deste domingo, início da noite na Indonesia, a família de Juliana informou que as buscas pela brasileira foram oficialmente suspensas devido às condições climáticas adversas.

Juliana foi vista pela última vez por volta das 17h30 (horário local) do sábado (21), em imagens feitas por turistas com o auxílio de um drone. De acordo com a família, essas imagens dela caída na trilha são reais.

Em uma postagem nas redes sociais, Mariana deu detalhes sobre a queda da irmã na trilha. Segundo ela, Juliana saiu com um grupo de cinco pessoas e um guia local. O grupo já estava em seu segundo dia de trilha, quando Juliana disse que estava cansada para continuar.

""O guia falou: 'então descansa' e seguiu viagem. A gente tinha recebido a informação que o guia tinha ficado com ela, que ela tinha tropeçado e caído. Não foi isso que aconteceu"".

""O guia só seguiu viagem para chegar até o cume. A gente só tem essas informações de mídia local. Juliana ficou desesperada porque ninguém mais voltou e caiu. Abandonaram Juliana"", disse Mariana.

Pai critica governo brasileiro

O pai de Juliana, Manoel Marins, fez duras críticas à atuação das autoridades brasileiras no caso. Em contato com a TV Globo, ele afirmou que a família não recebeu apoio da Embaixada do Brasil na Indonésia e que as informações divulgadas até o momento são falsas.

“A gente não sabe onde ela está. As autoridades não chegaram até ela. Ela não recebeu água, não recebeu comida. Ela está sozinha há mais de 36 horas e parece que agora eles nem sabem onde ela está"", comentou o pai de Juliana.

“A embaixada não está dando apoio algum. O governo brasileiro, que nós tentamos contato, também não está nos ajudando. Isso é muito triste e muito grave. É uma menina de 26 anos, cidadã brasileira, e ninguém, com exceção de familiares e amigos, estão se importando"", cobrou Manoel.

O que se sabe até agora

Juliana Marins caiu durante uma trilha no vulcão Rinjani, uma das atrações turísticas mais conhecidas da Indonésia. A queda ocorreu na madrugada de sábado (21), no horário local — ainda sexta-feira (20) no Brasil. Ela teria escorregado e caído cerca de 300 metros abaixo da trilha original.

A jovem estava sozinha no momento do acidente e foi localizada por turistas que passaram pela trilha horas depois. Eles usaram um drone para encontrá-la e divulgaram vídeos nas redes sociais, o que ajudou a informação a chegar até a família no Brasil.

Inicialmente, a Embaixada do Brasil em Jacarta informou que uma equipe de resgate havia conseguido chegar até Juliana após 16 horas de operação, e que ela teria recebido suprimentos básicos. No entanto, a nova versão da família contradiz essa narrativa.

Quem é Juliana Marins

Natural de Niterói (RJ), Juliana Marins é formada em Publicidade e Propaganda pela Universidade Federal do Rio de Janeiro (UFRJ) e também atua como dançarina de pole dance. Desde fevereiro, ela fazia um mochilão pela Ásia, tendo passado por Filipinas, Vietnã e Tailândia antes de chegar à Indonésia.

A jovem compartilhou registros da viagem nas redes sociais, onde mantinha contato com amigos e seguidores. O acidente interrompeu abruptamente a jornada, e agora familiares e amigos acompanham com apreensão a busca por notícias concretas sobre seu estado de saúde e localização.
","Henrique Coelho, Gabriela Moreira, Vitória Azevedo, g1 Rio e TV Globo",22/06/2025 07h36,https://g1.globo.com/rj/rio-de-janeiro/noticia/2025/06/22/irma-de-brasileira-que-caiu-em-trilha-de-vulcao-na-indonesia-desmente-resgate-ate-agora-nao-conseguiram-chegar-ate-ela.ghtml
24,Quem é a brasileira que caiu na trilha de um vulcão na Indonésia,"Juliana Marins é de natural de Niterói, no Rio de Janeiro, e realiza um mochilão pela Ásia; jovem espera há mais de 17h por resgate","A brasileira Juliana Marins, de 24 anos, que caiu durante uma trilha ao vulcão Rinjani, em Lombok, na Indonésia, é natural de Niterói, Região Metropolitana do Rio de Janeiro.

A jovem é dançarina profissional de pole dance e costuma se apresentar artisticamente. Juliana compartilha os registros de suas performances nas redes sociais.

De acordo com sua irmã, Mariana Marins, Juliana está fazendo um mochilão na Ásia desde fevereiro e visitou países como Vietnã, Tailândia e Filipinas.

Juliana tropeçou durante a trilha no início da noite desta sexta-feira (20), pelo horário de Brasília. A jovem caiu a uma distância de cerca de 300 metros.

A família ficou sabendo do ocorrido pelas redes sociais, após um grupo de turistas perceber que Juliana havia sofrido o acidente.

Na manhã deste sábado (21), a irmã de Juliana informou que uma equipe de resgate encontrou a jovem e entregou água e comida. Ainda não tem previsão para a retirada de Juliana do vulcão.

De acordo com informações, a região onde a jovem se encontra é de difícil acesso, com bastante neblina e sereno, que deixam as pedras mais lisas e escorregadias, o que dificulta o resgate.",Alan Cardoso,21/06/2025 17h41,https://www.cnnbrasil.com.br/nacional/brasil/quem-e-a-brasileira-que-caiu-na-trilha-de-um-vulcao-na-indonesia/
25,Família desmente resgate de brasileira que caiu em trilha de vulcão na Indonésia,"Parentes de Juliana Marins, de 26 anos, afirmam que equipes ainda não conseguiram chegar até ela e acusam autoridades locais de divulgarem informações falsas","A família da brasileira Juliana Marins, de 26 anos, desmentiu neste domingo (22) as informações divulgadas pelas autoridades da Indonésia e pela Embaixada do Brasil em Jacarta de que a jovem teria recebido comida, água e agasalho após cair durante uma trilha no vulcão Rinjani, na ilha de Lombok.

Segundo Mariana Marins, irmã da mochileira, o resgate ainda não conseguiu alcançar Juliana, que está desaparecida há mais de 30 horas. A brasileira fazia um mochilão pela Ásia quando sofreu o acidente, no sábado (21), durante uma trilha em área de difícil acesso.

“Recebemos, com muita preocupação e apreensão, que não é verdadeira a informação de que a equipe de resgate levou comida, água e agasalho para a Juliana. A informação que temos é que até agora não conseguiram chegar até ela, pois as cordas não tinham tamanho suficiente, além da baixa visibilidade”, declarou Mariana, que acompanha a situação do Brasil.

Vídeos de resgate na trilha teriam sido forjados

A irmã também denunciou a divulgação de vídeos que, segundo ela, foram manipulados para parecerem registros do momento do resgate. “Todos os vídeos que foram feitos são mentiras, inclusive o do resgate chegando nela. O vídeo foi forjado para parecer isso, junto com essa mensagem associada a ele”, afirmou.

Um perfil foi criado pela família nas redes sociais para divulgar de forma oficial os desdobramentos da situação.

Juliana foi vista pela última vez por volta das 17h30 (horário local) de sábado, em imagens feitas por turistas com o auxílio de um drone. Segundo a família, as imagens são reais e mostram a jovem caída em uma trilha no Rinjani.

Desde então, não houve mais contato. A família agora aguarda com expectativa o envio de um helicóptero para tentar a retirada da brasileira do local.
",ICL Notícias,22/06/2025 12h25,https://iclnoticias.com.br/familia-desmente-resgate-brasileira-trilha/
26,Família de brasileira que caiu em trilha na Indonésia desmente informações de ajuda e diz que Juliana está há 36 horas desaparecida,"Segundo Mariana Marins, equipe de resgate não legou água, comida e agasalho para a irmã e que os socorristas ainda não conseguiram chegar até ela","Mariana Marins, irmã de Juliana Marins, uma publicitária de 26 anos que desapareceu na Indonésia, disse que as informações de que a resgate teria levado água e comida para ela não são verdadeiras, e que os socorristas ainda não conseguiram chegar até ela. “Conversamos com pessoas no local onde houve o incidente com a Juliana e o que recebemos é que não é verdadeira a informação de que a equipe de resgate levou água, comida e agasalho para ela, conforme divulgado pelas autoridades indonésias e pela embaixada brasileira em Jacarta. A informação que temos é que até agora não conseguiram chegar até a Juliana, que está há mais de 36 horas desaparecida”, disse Mariana Marins. Juliana Marins desapareceu durante uma trilha no vulcão Rinjani, na Indonésia, e desde estão não se tem informações sobre ela.

Mariana, que clama por informações sobre a irmã, tem esperança de que um helicóptero seja enviado para auxiliar nas operações de resgate, uma vez que as buscas foram suspensas no último sábado devido a condições climáticas adversas. Juliana, que é natural de Niterói, no estado do Rio de Janeiro, está viajando pela Ásia desde o final de fevereiro, em uma aventura de mochilão. A situação se torna ainda mais angustiante para a família, que aguarda notícias sobre o progresso das buscas e a segurança de Juliana.
",Jovem Pan,22/06/2025 10h27,https://jovempan.com.br/noticias/mundo/familia-de-brasileira-que-caiu-em-trilha-na-indonesia-desmente-informacoes-de-ajuda-e-diz-que-juliana-esta-ha-36-horas-desaparecida.html
27,"Resgate de brasileira em vulcão na Indonésia segue incerto: “condições difíceis”, diz embaixada","Juliana Martins, de 26 anos, ela teria deslizado cerca de 300 metros após uma queda em uma região considerada de difícil acesso","Mais de 50 horas após a queda durante uma trilha no vulcão Rinjani, na Indonésia, ainda não há confirmação sobre o salvamento da publicitária brasileira Juliana Marins, de 26 anos. Autoridades locais apontaram neste domingo, 22, que uma nova visualização por drone não encontrou a jovem no local onde havia sido identificada.

Familiares e amigos têm relatado desencontro de informações, inclusive sobre a veracidade de que Juliana teria recebido alimentos e bebidas, como foi divulgado no sábado, 21. Em nota, o Ministério das Relações Exteriores apontou que as autoridades locais seguem em contato com a embaixada brasileira.

'Equipes de resgate continuam na área, trabalhando em condições difíceis, segundo as autoridades indonésias', destacou. A visibilidade baixa causada por neblina e outros fatores teriam dificultado o resgate, previsto para a manhã deste domingo, no horário local, cujo fuso horário está 11 horas à frente do registrado em Brasília. Novas informações oficiais não foram divulgadas, embora já seja noite na Indonésia.

O acidente ocorreu na madrugada de sábado. Segundo autoridades locais, uma equipe foi mobilizada para a realização do resgate. 'O esforço enfrenta desafios difíceis, especialmente o terreno extremo e o clima, com intenso nevoeiro', apontaram em comunicado.

As informações oficiais são de que a equipe chegou ao local na tarde de sábado. Por volta das 20h, teria descido por 300 m, chamou pela jovem, mas não conseguiu contatá-la. De acordo com as autoridades, os trabalhos chegaram a ser interrompidos ao longo do domingo por causa de 'nevoeiro espesso e clima úmido', o que atrapalhou o uso do drone térmico.

Após uma reunião, foram definidos dois esquemas de busca: manual (via corda) e pelo ar (com drone térmico). Familiares e amigos estão divulgando um apelo nas redes sociais para uma maior mobilização das autoridades da Indonésia e do Brasil pelo salvamento da brasileira - que estava na ilha Lombok, um dos principais destinos turísticos do país asiático.

Além disso, apontam ter recebido informações inverídicas de fontes oficiais, de modo que estão buscando atualizações com contatos locais. 'O resgate não aconteceu. Depois das 17h30, no horário local, pararam as buscas. Ninguém chegou até a Juliana. Ninguém sabe onde a Juliana está, Juliana está desaparecida', afirmou Mariana Marins, irmã da publicitária, em rede social.

Segundo a irmã, novas informações apontam que a jovem havia sido abandonada pelo grupo em que estava, pois sentia cansaço, e o guia decidiu continuar a subida com os demais viajantes. 'Abandonaram a Juliana. Ela passou a noite sozinha, sem comida, sem agasalho, sem água, sem nada', diz.

O pai da jovem, Manoel Marins, também se manifestou nas redes sociais, criticando a atuação das autoridades. 'É muito triste, é muito grave: é uma menina de 26 anos, cidadã brasileira. E ninguém, com exceção de nós, familiares e amigos, está se importando.'

Juliana fazia uma trilha com uma agência especializada local. Ela teria deslizado cerca de 300 metros após uma queda em uma região considerada de difícil acesso. De Niterói, no Rio de Janeiro, a brasileira fazia um 'mochilão' pela Ásia.

Parte das suas experiências eram compartilhadas no Instagram, com registro de passagens por países de diversos continentes, como Espanha, Holanda, Vietnã, Alemanha, Uruguai e Egito. No Linkedin, Juliana indica ter trabalhado em empresas do grupo Globo, como Multishow e Canal Off, além da agência de marketing Mynd e do evento Rio2C, voltado à indústria criativa. Em seu perfil, também consta a formação em Comunicação pela UFRJ.
",Estadão Conteúdo,22/06/2025 17h39,https://www.correiodopovo.com.br/not%C3%ADcias/mundo/resgate-de-brasileira-em-vulc%C3%A3o-na-indon%C3%A9sia-segue-incerto-condi%C3%A7%C3%B5es-dif%C3%ADceis-diz-embaixada-1.1621368